Name,AVERAGE SIX-YEAR GRADUATION RATE,AVERAGE FIRST-YEAR STUDENT RETENTION RATE,PELL GRANT GRADUATION RATES,PELL GRANT GRADUATION RATE PERFORMANCE,GRADUATION RATE PERFORMANCE,PEER ASSESSMENT SURVEY,CLASS SIZE INDEX,FACULTY COMPENSATION,PERCENT FACULTY WITH TERMINAL DEGREE IN THEIR FIELD,PERCENT FACULTY THAT IS FULL TIME,STUDENT-FACULTY RATIO,MATH AND EVIDENCE-BASED READING AND WRITING,HIGH SCHOOL CLASS STANDING IN TOP 10%,FINANCIAL RESOURCES PER STUDENT,AVERAGE ALUMNI GIVING RATE,GRADUATE INDEBTEDNESS TOTAL,GRADUATE INDEBTEDNESS PROPORTION WITH DEBT,DIVERSITY SCORE,TUITION AND FEES
Adelphi University,70.75,80.5,64.42157082121278,74.70191809227575,54.81283422459893,21.875,58.85750962772787,40.380561248327076,68.16143497757848,39.45371775417299,68.30985915492957,37.98449612403098,29.292929292929294,7.2787372853130945,7.69230769230769,55.63926866495631,35.22727272727272,45.350579817683354,36.674795331823724
American University,79.25,87.5,77.84739315283059,85.17690513219284,23.213417598444337,50.0,73.94094993581514,44.237239574937455,87.21973094170404,66.76783004552354,71.83098591549296,61.24031007751938,34.343434343434346,11.717336906097753,9.109311740890686,61.22170623193583,36.36363636363635,39.597417568477205,21.24368576902978
Arizona State University,69.0,86.0,47.03513090176772,52.031629903839814,41.71122994652404,50.0,40.94993581514764,38.8233517293142,67.48878923766817,84.2185128983308,47.183098591549296,46.51162790697674,29.292929292929294,6.896670061716439,12.955465587044532,69.45734420160426,55.68181818181817,46.50335145471683,
Auburn University,78.0,91.25,53.14388006265383,41.53771384136857,41.09203490008446,50.0,34.146341463414636,34.274556694120825,74.43946188340807,92.41274658573596,40.14084507042253,51.16279069767441,33.333333333333336,7.511984349829377,26.518218623481776,64.18666580066898,63.63636363636363,7.595187096410271,
Baker University,60.5,75.75,42.604609532333846,56.87826947547009,44.50285507115021,6.25,96.34146341463415,11.805383197979797,71.52466367713005,75.41729893778452,68.30985915492957,20.155038759689916,10.101010101010102,3.7324084395607704,12.145748987854248,52.55090442633065,25.0,23.24044835150039,55.61748824246647
Baylor University,78.25,89.5,69.54575967778024,67.94795486691115,39.21568627450981,50.0,59.884467265725284,38.07846583059164,71.52466367713005,87.86039453717754,57.74647887323944,56.589147286821685,49.494949494949495,11.652198394180058,26.518218623481776,62.74802714902737,51.13636363636363,30.597775176332007,23.163211983974904
Belmont University,71.5,83.0,55.59409263817408,66.20334370139966,28.285955530537592,31.25,66.43132220795893,35.060352539465434,74.21524663677131,57.966616084977225,61.267605633802816,46.51162790697674,28.282828282828284,3.782772520900509,17.004048582995946,62.80323450134771,52.272727272727266,9.637823686927732,43.720606166173134
Bethel University (MN),73.5,84.75,64.42157082121278,69.19876391105007,41.29530600118835,12.5,75.03209242618743,16.27836202024435,50.89686098654708,52.95902883156297,68.30985915492957,43.25581395348837,25.252525252525253,4.463970936326782,9.311740890688258,59.81554249342383,25.0,9.137207155693332,40.84654241421355
Binghamton University--SUNY,81.75,91.25,82.79257104497648,85.56028156170558,48.4097945398255,40.625,48.13863928112967,33.957205904955316,86.09865470852019,83.91502276176024,43.66197183098592,71.31782945736433,53.535353535353536,5.2069470208733515,8.704453441295545,67.64524404897216,51.13636363636363,34.0105730413987,
Biola University,72.75,84.25,61.06511523830833,71.1550586356185,43.56715948411451,12.5,71.82284980744545,25.296511945669856,66.36771300448432,72.5341426403642,61.267605633802816,41.860465116279045,27.272727272727273,6.4066352185413775,10.12145748987854,54.06748286948332,38.63636363636363,50.18132656818689,33.35307437728618
Boise State University,48.25,79.5,27.500559409263808,43.72248728154574,27.84436658676009,31.25,49.807445442875476,23.542622649486326,44.84304932735428,69.80273141122913,47.183098591549296,32.55813953488371,11.11111111111111,1.9121169108395568,9.311740890688258,59.604455558081376,42.04545454545454,15.97623081067978,
Boston College,92.5,94.5,97.57216379503242,86.47446300178058,34.474911821595185,65.625,81.70731707317073,53.0097323311466,88.56502242152469,76.3277693474962,73.2394366197183,78.29457364341084,78.7878787878788,15.53608185278419,40.8906882591093,79.09914590978468,56.81818181818181,33.924384318558694,3.1771468385298647
Boston University,88.0,93.25,94.37234280599685,88.93208916537063,42.28329809725159,65.625,61.810012836970465,57.735211333250014,80.04484304932735,83.45978755690439,75.35211267605634,76.74418604651163,65.65656565656566,18.130739349358908,15.991902834008094,52.09625564251615,56.81818181818181,60.27792437951738,6.469256227138118
Bowling Green State University,57.0,77.5,35.89169836652494,42.50435930062679,44.62474645030426,31.25,40.82156611039795,24.577521855544042,52.914798206278036,81.7905918057663,44.36619718309859,31.7829457364341,18.181818181818183,2.4143966344660424,6.882591093117409,52.274867664728994,26.13636363636364,9.243891339619097,
Brandeis University,88.5,92.25,96.97918997538596,90.5132192846034,37.43315508021391,62.5,63.928112965340176,44.83240869579771,88.56502242152469,82.701062215478,75.35211267605634,78.29457364341084,58.58585858585859,17.503533519302625,32.79352226720647,58.63020816419316,55.68181818181817,50.24464301365187,5.467688556000681
Brigham Young University--Provo,80.5,90.25,44.03669724770641,31.785529141672214,21.075810003145648,46.875,55.19897304236202,43.82211174221619,84.08071748878926,79.81790591805765,36.61971830985915,61.24031007751938,58.58585858585859,7.117146569633019,18.218623481781375,81.92771084337349,81.81818181818181,7.949947666260314,100.0
Brown University,95.25,96.5,85.79100469903781,59.81294280283393,38.91227670952327,87.5,81.25802310654684,59.574460521679335,87.89237668161432,96.96509863429438,89.43661971830986,91.47286821705424,94.94949494949496,29.37567299460566,52.63157894736841,81.01516578443153,71.5909090909091,52.5848331860923,1.961330778609991
California Institute of Technology,91.75,97.0,60.058178563437004,28.849144634525658,30.266277082529342,90.625,79.01155327342748,81.29636837081495,95.51569506726456,96.66160849772382,100.0,100.0,95.95959595959596,86.96626646113484,49.79757085020241,73.31536388140162,100.0,73.36688004247844,8.448005573941813
California State University--Fresno,56.0,83.25,44.282837323786076,66.64803654743389,100.0,28.125,11.874197689345321,28.439443527956087,51.12107623318387,65.70561456752657,26.05633802816901,13.178294573643399,14.141414141414142,0.7905913546437144,5.06072874493927,68.24602994186989,15.909090909090907,80.32685454621316,
Campbell University,52.0,74.5,22.465876034907133,20.943494038361848,25.650321761986774,15.625,69.3196405648267,22.66384381781141,62.5560538116592,56.44916540212443,57.74647887323944,31.007751937984494,23.232323232323232,6.324960711622505,8.299595141700404,57.66245575293086,31.818181818181813,31.3003733224067,44.19090750740289
Carnegie Mellon University,90.25,96.5,89.93063325128662,70.22765626551075,37.43315508021391,81.25,76.6367137355584,55.09360680623808,84.52914798206275,96.20637329286797,89.43661971830986,93.02325581395348,88.8888888888889,22.171191086618958,28.13765182186234,58.8250576429708,63.63636363636363,73.43352155033014,8.02299251001567
Case Western Reserve University,84.0,93.25,82.91564108301631,77.99287496835328,29.708853238264993,62.5,71.30937098844672,43.08345169947847,86.09865470852019,85.12898330804248,71.83098591549296,80.62015503875969,69.6969696969697,21.442350584814612,30.364372469635622,58.854285064787454,59.090909090909086,51.73393732837342,16.565058352203437
Central Michigan University,61.25,77.0,42.604609532333846,48.441409155453385,46.7023172905526,21.875,38.12580231065469,29.765318802583735,62.780269058295985,76.02427921092564,47.183098591549296,30.23255813953486,17.171717171717173,3.0315093789499548,11.336032388663966,44.5068684441269,26.13636363636364,13.963238998749148,
Chatham University,64.5,80.0,49.31752069814275,74.45866730470152,44.50285507115021,18.75,87.16302952503209,15.205470774691506,81.16591928251121,48.71016691957511,75.35211267605634,37.209302325581376,28.282828282828284,8.004143662000939,26.518218623481776,56.106907414022665,17.045454545454547,12.24115581721611,39.458282529176095
Clark Atlanta University,42.75,69.25,17.431192660550458,40.70762052877137,48.1283422459893,21.875,48.138639281129656,18.669342517515958,79.8206278026906,75.26555386949923,43.66197183098592,7.751937984496124,9.090909090909092,4.388522834384578,20.040485829959508,33.95252167700451,0.0,100.0,68.10660163734542
Clarkson University,75.75,89.0,62.74334302976056,56.079718910200995,41.14081996434936,31.25,67.201540436457,32.57558922345307,69.28251121076234,79.51441578148709,64.7887323943662,52.71317829457362,36.36363636363637,7.364317668014274,23.481781376518214,45.11414931965057,15.909090909090907,9.571418149992894,15.955408465424128
Clemson University,83.5,93.25,72.85746251957931,59.18139945061165,40.783454674312225,53.125,36.52118100128371,36.082286560894914,70.4035874439462,87.25341426403642,53.521126760563384,60.46511627906975,52.525252525252526,8.566886559418563,39.271255060728734,64.44646510570584,53.4090909090909,8.469707830611938,
Colorado School of Mines,81.25,92.25,83.67643768180798,81.78910133260146,37.43315508021391,56.25,22.464698331193834,41.714326227842726,82.06278026905831,80.4248861911988,50.70422535211267,68.9922480620155,54.54545454545455,10.647020447042962,13.562753036437245,63.628097294839726,49.99999999999999,20.498888939308785,
Colorado State University,70.0,84.75,52.673976281047196,57.764332431453596,41.52249134948096,43.75,24.005134788189988,34.372160934378044,79.37219730941705,82.85280728376327,50.70422535211267,41.08527131782944,20.202020202020204,9.557180676144824,15.789473684210524,66.07995323612508,47.72727272727272,19.952608889457792,
Columbia University,95.75,98.0,75.27411053927051,42.459903908333445,43.413259732045304,93.75,99.10141206675225,100.0,99.10313901345289,94.99241274658573,89.43661971830986,94.5736434108527,95.95959595959596,65.798552383773,55.66801619433197,79.10888838372358,87.5,64.81424071676936,-1.4210854715202004e-14
Cornell University,94.5,96.75,95.01006936674867,73.38430965958179,38.91227670952327,90.625,70.47496790757381,58.41023038975093,86.09865470852019,92.86798179059178,79.92957746478874,86.82170542635657,83.83838383838385,40.509754105270716,40.28340080971659,84.81797811190856,64.77272727272727,60.43785125595479,4.3807699007141565
Creighton University,78.0,90.0,62.74334302976056,53.72302090050451,37.43315508021391,43.75,46.53401797175867,27.68771955584812,79.14798206278029,76.93474962063732,68.30985915492957,51.16279069767441,42.42424242424243,10.788962858039522,22.064777327935218,50.86545643490404,44.31818181818181,17.511748668108922,33.105730708935724
Dallas Baptist University,56.25,73.75,20.787648243454903,22.239502332814908,21.984551396316107,12.5,81.38639281129653,20.416931899158115,62.5560538116592,19.119878603945374,61.267605633802816,27.90697674418604,17.171717171717173,5.034220113240443,1.0121457489878543,80.15133309518396,18.181818181818173,33.53588498948491,52.098937467340185
Dartmouth College,95.25,96.75,85.35466547326021,61.23734686638838,35.9848484848485,84.375,76.6367137355584,61.55944707486723,89.46188340807173,88.46737481031866,86.97183098591549,91.47286821705424,92.92929292929294,41.330465961680396,82.99595141700402,76.02377163641087,70.45454545454545,44.140116962997354,4.633339139522718
Delaware State University,41.75,71.75,27.500559409263808,64.20082748906952,50.072921730675745,18.75,65.08344030808728,39.87269729113055,73.31838565022422,74.20333839150229,54.225352112676056,0.0,9.090909090909092,5.579935759687836,27.125506072874487,40.31760465040755,17.045454545454547,90.9299531741262,
Drake University,77.5,86.5,66.09979861266501,66.97639624387267,32.219251336898395,34.375,56.61103979460848,20.59721511191507,90.35874439461885,77.38998482549317,75.35211267605634,48.83720930232556,36.36363636363637,8.190227461025966,15.789473684210524,59.20826161790017,38.63636363636363,15.171053173251593,30.600940602682456
Drexel University,71.25,88.75,61.06511523830833,74.0088199578176,41.463225606448106,40.625,58.40821566110398,47.45102544686562,71.30044843049329,67.52655538694992,75.35211267605634,57.36434108527132,39.3939393939394,13.355841323860705,9.109311740890686,56.529081284707566,39.77272727272726,43.59243242767907,11.137432503048245
Duke University,95.25,97.0,86.59655403893487,60.99879039225851,35.9848484848485,87.5,91.07830551989731,73.64836592510517,89.46188340807173,97.11684370257967,91.19718309859155,94.5736434108527,94.94949494949496,50.927529064357806,59.91902834008095,91.29997077257818,73.86363636363636,,5.296986587702477
Duquesne University,78.5,85.25,74.49093756992613,84.79682577660802,45.05164456816351,31.25,45.76379974326059,24.759088749947352,84.97757847533633,62.82245827010622,64.7887323943662,44.18604651162789,16.161616161616163,6.00552658968624,9.109311740890686,45.487610820641045,45.454545454545446,8.249265782581872,34.844103814666425
East Carolina University,64.75,82.25,57.708659655403885,82.56106486140334,53.929121725731875,25.0,31.514762516046222,24.01225264256975,59.641255605381176,90.13657056145675,43.66197183098592,26.356589147286797,12.121212121212121,3.6924367926172303,3.0364372469635614,60.578702951969596,31.818181818181813,25.60222958304483,
Elon University,83.75,90.0,64.83553367643768,54.98541600304796,44.47302511338253,40.625,63.73555840821567,24.2110998668279,71.9730941704036,86.49468892261001,64.7887323943662,49.61240310077517,24.242424242424242,7.806335506479933,46.35627530364371,67.42766213100379,70.45454545454545,8.983225745971282,43.20675840445916
Emory University,90.25,94.0,80.46542850749606,62.36562815100919,34.410602185538266,78.125,63.2862644415918,54.562730386912015,89.68609865470854,93.47496206373293,78.87323943661971,84.49612403100775,82.82828282828284,40.624153370878176,32.186234817813755,69.2137823531322,69.31818181818181,57.821733357355306,14.042849677756479
Florida A&M University,52.0,82.25,44.282837323786076,83.92071065187017,75.35245503159942,25.0,46.598202824133494,23.389765788827553,40.58295964125561,89.37784522003034,61.267605633802816,27.90697674418604,17.171717171717173,5.503315317194921,9.311740890688258,47.858279479102386,13.63636363636364,96.73569470901496,
Florida Atlantic University,52.0,81.75,43.4549116133363,93.67547952306893,40.007922360863546,25.0,6.354300385109122,30.96570925904266,63.004484304932745,75.26555386949923,29.5774647887324,35.65891472868216,14.141414141414142,3.7498621187528416,7.085020242914979,68.53180917741045,53.4090909090909,55.336085540793725,
Florida Institute of Technology,59.75,80.5,40.59073618259118,64.80710379772236,28.743315508021396,28.125,68.10012836970476,26.14518844273765,75.78475336322872,70.56145675265554,58.45070422535211,49.61240310077517,25.252525252525253,6.618330752723664,12.75303643724696,53.463449485272626,55.68181818181817,38.35396266096879,35.33182372408987
Florida International University,61.0,89.75,59.25262922353992,85.76982892690512,71.53667642013923,31.25,33.37612323491657,36.63096665720856,68.60986547085203,71.47192716236722,29.5774647887324,42.63565891472868,27.272727272727273,2.8221691432384333,8.097165991902832,74.16620660539732,59.090909090909086,90.06670884058772,
Florida State University,82.5,93.75,79.97314835533675,75.63199463300091,58.3840011720753,50.0,69.96148908857509,38.100979631773946,89.01345291479818,90.13657056145675,36.267605633802816,58.13953488372093,45.45454545454546,5.386417735626831,31.983805668016192,72.16250446530054,56.81818181818181,32.69247144144407,
Fordham University,82.0,90.25,87.91675990154394,91.52966007553874,40.86617812108011,50.0,64.50577663671373,50.03468162201866,87.44394618834083,57.66312594840668,63.732394366197184,63.5658914728682,43.43434343434344,10.023703306755039,27.7327935222672,58.43860617672848,43.18181818181817,36.96757946221743,13.50635777739069
Gannon University,67.75,83.25,52.673976281047196,60.471747019180924,53.38827036030506,9.375,69.38382541720155,18.34593373842705,43.497757847533634,72.07890743550834,66.54929577464789,29.457364341085253,30.303030303030305,4.134549906524202,10.526315789473681,44.88357743643035,23.86363636363636,17.214868750435386,50.52081518899146
George Fox University,68.75,83.0,62.74334302976056,89.68828183109068,43.85026737967917,12.5,58.92169448010268,16.9828613194776,70.17937219730943,49.01365705614568,54.225352112676056,34.10852713178292,31.313131313131315,4.834066249389537,11.538461538461537,55.34699444678986,30.681818181818187,20.66938904408987,43.56383905242989
George Mason University,71.0,86.75,72.81270977847393,99.99999999999997,50.072921730675745,46.875,33.183568677792046,34.179218645693155,74.88789237668162,61.30500758725341,50.70422535211267,44.9612403100775,15.151515151515152,5.09091966233039,2.631578947368421,62.140746273503716,42.04545454545454,58.09600899017697,
George Washington University,82.5,91.0,83.84426046095322,79.51884938575233,37.43315508021391,59.375,46.34146341463416,50.83283043459091,84.97757847533633,59.939301972685904,64.7887323943662,69.76744186046511,49.494949494949495,15.61672311230842,10.526315789473681,59.643425453836905,57.954545454545446,43.33989595960052,6.375195958892164
Georgetown University,94.5,95.75,91.40747370776458,72.44796664570995,34.53654188948306,78.125,72.78562259306803,66.8468527804273,53.363228699551584,68.4370257966616,71.83098591549296,86.04651162790697,82.82828282828284,22.611278092668787,48.380566801619416,86.103984671841,67.04545454545453,43.78089227974233,6.2236544156070295
Georgia Institute of Technology,88.0,97.0,80.91295591855001,63.0606304012214,35.905271199388864,81.25,23.81258023106547,49.541856489032945,72.6457399103139,91.80576631259484,47.183098591549296,83.72093023255812,87.87878787878789,15.276600508514388,29.554655870445337,62.309615821777676,67.04545454545453,49.09805689118123,
Gonzaga University,86.5,93.5,94.62967106735286,91.91467552665065,51.33689839572193,46.875,45.37869062901156,26.537466742153725,76.00896860986548,71.92716236722305,71.83098591549296,53.48837209302323,38.38383838383839,8.6313271378,19.635627530364367,58.93222485629851,44.31818181818181,20.317252578639923,26.232363699703882
Hampton University,58.75,73.75,42.604609532333846,62.94226283048212,39.78972174385933,21.875,69.57637997432607,17.78810000452745,65.47085201793722,89.6813353566009,57.74647887323944,24.806201550387584,12.121212121212121,8.781092415294314,50.80971659919027,56.81810801156107,14.772727272727266,98.95486634880692,59.646403065668004
Harding University,68.75,85.0,56.030431863951655,61.54007818082468,41.405653170359045,6.25,73.29910141206675,15.766972875757439,40.80717488789237,88.1638846737481,61.267605633802816,41.08527131782944,31.313131313131315,3.757210622374868,16.194331983805668,42.103724872535956,32.95454545454545,8.822774898299897,71.52064100330952
Harvard University,97.25,91.75,65.9319758335198,27.15507664963343,43.34964159745138,100.0,90.43645699614889,92.14808966200314,79.8206278026906,91.9575113808801,92.95774647887323,94.5736434108527,93.93939393939395,70.73255879924643,53.03643724696355,86.64631572110545,100.0,62.04407961497005,13.835568716251515
Hofstra University,64.0,82.0,42.604609532333846,51.17098161192936,25.683512841756425,37.5,54.107830551989736,42.483404588362056,82.28699551569507,50.83459787556905,64.7887323943662,51.93798449612402,31.313131313131315,9.095356408024465,21.052631578947363,57.39291397395511,38.63636363636363,37.76682853449135,21.19839749172617
Howard University,63.5,89.25,50.99574848959498,65.62760610363557,41.91823356908745,53.125,54.0436456996149,29.868121953508705,82.9596412556054,87.86039453717754,68.30985915492957,44.18604651162789,26.262626262626263,18.51843586125341,22.469635627530362,53.736238755561324,28.409090909090907,99.14236695277006,60.292631945654065
Husson University,55.75,74.75,32.53524278362048,32.74297254009889,50.549894057108276,3.125,78.62644415917845,15.424496486982996,11.21076233183858,40.66767830045524,68.30985915492957,21.70542635658913,13.131313131313131,1.1285269649328837,4.8582995951417,44.14639690838826,10.22727272727272,5.336412154896962,75.0740289148232
Illinois Institute of Technology,71.5,89.5,69.45625419556947,93.41195783653012,39.39142878662349,37.5,47.36842105263158,43.58430971722813,63.004484304932745,73.14112291350531,75.35211267605634,59.68992248062014,40.40404040404041,8.327207142653648,8.502024291497975,48.865001786120224,48.86363636363636,55.7466772201377,22.452534401672168
Immaculata University,67.0,80.5,64.42157082121278,86.63833702056817,69.1434468524252,6.25,97.62516046213094,0.0,57.39910313901346,31.71471927162367,75.35211267605634,26.589147286821685,13.131313131313131,4.614561038162644,11.943319838056679,53.77520865131685,6.818181818181813,21.329390711048575,62.32363699703885
Indiana State University,40.5,66.0,5.683598120384865,8.780954659648302,22.320390606835616,25.0,50.962772785622604,21.31226034959687,54.7085201793722,82.39757207890744,47.183098591549296,17.05426356589146,10.101010101010102,1.8698187839991842,8.704453441295545,55.48663657324716,26.13636363636364,21.14507667488293,
Indiana University of Pennsylvania,55.5,71.5,24.144103826359363,24.708089560344604,45.61182761874804,12.5,37.804878048780495,28.53959538255762,62.10762331838565,93.77845220030349,61.267605633802816,18.604651162790674,10.101010101010102,3.3814492574700727,6.275303643724694,38.78803624200305,13.63636363636364,14.483073644169323,
Indiana University--Bloomington,78.5,90.75,58.42470351309016,44.06990325220008,48.706460471166366,62.5,51.41206675224648,39.9754461324474,80.4932735426009,92.71623672230652,54.57746478873239,50.3875968992248,31.313131313131315,8.085264183799222,20.24291497975708,72.23394927418569,57.954545454545446,21.689141478232713,
Indiana University-Purdue University--Indianapolis,49.25,73.75,29.178787200716037,54.230443916946314,32.37724842002916,40.625,52.05391527599486,28.015468166349144,65.24663677130046,79.81790591805765,54.92957746478873,28.682170542635646,16.161616161616163,12.906980422322814,10.931174089068824,61.124281492547006,37.49999999999999,25.37606231391247,
Iowa State University of Science and Technology,74.25,88.0,57.708659655403885,54.390477329824165,45.26624990585222,46.875,31.643132220795902,32.63758610973513,85.20179372197312,91.65402124430955,47.183098591549296,38.75968992248062,13.131313131313131,7.091141084959873,20.647773279352222,59.520020783944396,42.04545454545454,12.639342698572122,
Johns Hopkins University,93.25,97.5,96.60997986126648,77.98068265531637,34.53654188948306,93.75,88.76765083440309,63.07149568611376,90.35874439461885,98.93778452200303,89.08450704225352,95.3488372093023,98.98989898989899,86.29750087687053,59.91902834008095,95.49248205761049,61.36363636363636,70.6474441342453,8.378331301167037
Kennesaw State University,44.5,79.25,22.465876034907133,62.05287713841369,2.1220609455903627,25.0,21.052631578947373,20.23329136517222,54.7085201793722,75.41729893778452,36.61971830985915,31.7829457364341,12.121212121212121,0.5322437977558181,1.0121457489878543,55.61653622576559,38.63636363636363,43.20749626744397,
Kent State University,60.0,81.0,40.92638174088162,45.004169765816926,46.85942173479563,31.25,59.88446726572529,25.882591613026463,54.03587443946189,70.56145675265554,40.14084507042253,31.7829457364341,16.161616161616163,2.4607294459221816,4.8582995951417,49.45604520507907,26.13636363636364,14.623651407902457,
Lamar University,32.0,65.5,0.0,17.06253829115414,3.3831714503983363,12.5,55.71245186136072,23.461301417189475,28.923766816143498,87.10166919575113,26.05633802816901,18.604651162790674,11.11111111111111,2.4405413567492635,0.6072874493927127,36.18354820900854,51.13636363636363,53.098712201020504,
Lehigh University,87.75,93.5,94.74155292011633,92.09434940383616,40.66658375823903,50.0,53.85109114249036,47.12563189846197,86.99551569506728,89.83308042488616,78.87323943661971,67.67441860465115,65.65656565656566,17.32967394380635,24.089068825910925,64.98554866365731,54.54545454545454,29.932049236128805,10.555652325378844
Liberty University,54.25,82.75,27.500559409263808,27.024763727718607,45.017015070491,0.0,46.66238767650835,18.219254108879802,43.497757847533634,78.90743550834597,50.70422535211267,36.43410852713177,37.37373737373738,0.0,0.809716599190283,85.24989445653233,43.18181818181817,35.7402717580231,67.27051036404808
Lincoln Memorial University,55.5,75.25,24.144103826359363,32.80196993260756,32.37724842002916,6.25,85.30166880616176,12.924674597811428,65.695067264574,83.76327769347495,64.7887323943662,31.007751937984494,22.222222222222225,4.618142109115412,5.870445344129553,70.53226382619425,11.36363636363636,3.1967378094106493,68.4898101376067
Lipscomb University,65.25,82.25,42.604609532333846,40.70762052877137,35.44690603514135,15.625,69.12708600770219,20.400540271981527,59.417040358744416,51.59332321699545,61.267605633802816,44.18604651162789,28.282828282828284,6.9997460433593295,22.267206477732792,60.27019127723833,47.72727272727272,17.730808088501362,48.38529872844452
Louisiana State University--Baton Rouge,65.75,84.0,43.812933542179444,40.610153603613185,39.44819034333102,37.5,31.83568677792041,31.962512743626114,68.38565022421527,93.01972685887708,33.098591549295776,44.18604651162789,23.232323232323232,6.0125148691593,21.255060728744937,63.93336147825804,55.68181818181817,23.293289940275272,
Louisiana Tech University,57.25,80.0,33.11702841799059,33.97011830427954,37.43315508021391,28.125,55.00641848523749,20.277371018013362,47.30941704035875,86.79817905918057,29.5774647887324,39.534883720930225,24.242424242424242,0.20090196706551655,15.991902834008094,57.34744909557367,51.13636363636363,17.13099354297036,
Loyola Marymount University,81.5,88.25,79.97314835533675,80.75974192258926,48.26724078060977,43.75,62.06675224646984,40.16537670650046,90.8071748878924,70.71320182094081,75.35211267605634,60.46511627906975,36.36363636363637,11.263152264570202,17.004048582995946,62.57915760075341,56.81818181818181,50.735452379799334,18.25291761017243
Loyola University Chicago,75.25,84.75,69.45625419556947,75.67492124257288,45.15745692216282,50.0,36.71373555840822,38.992911263086945,81.83856502242155,60.6980273141123,61.267605633802816,49.61240310077517,38.38383838383839,8.128728222987096,7.4898785425101195,57.51631864384762,34.09090909090909,38.51945535851539,27.925448528130985
Loyola University New Orleans,59.5,81.75,39.24815394942939,58.589449258189546,22.686760654675098,34.375,46.598202824133494,25.3902997016477,80.71748878923769,66.61608497723824,65.49295774647888,36.43410852713177,34.343434343434346,4.744928855352591,6.275303643724694,55.687981034650726,22.72727272727272,48.71351233326478,34.89287580560877
Marquette University,82.75,88.5,76.16916536137836,69.3074741560699,54.117647058823536,46.875,55.07060333761232,31.11624068102669,73.76681614349776,72.07890743550834,64.7887323943662,54.263565891472865,38.38383838383839,9.266402521085826,31.983805668016192,51.50845971487026,45.454545454545446,21.79893293422647,30.942344539278864
Mary Baldwin University,43.0,66.75,20.787648243454903,83.82935105330128,28.163992869875216,9.375,78.11296534017973,13.067928532308017,73.542600896861,62.67071320182095,71.83098591549296,18.604651162790674,9.090909090909092,3.9563460012278897,10.526315789473681,46.36118598382749,6.818181818181813,50.828764927922485,56.51454450444174
Maryville University of St. Louis,72.5,83.75,94.62967106735286,99.99999999999997,51.74583202264864,9.375,83.50449293966625,19.153231251348174,45.964125560538136,0.0,64.7887323943662,33.333333333333314,25.252525252525253,2.4921990838901493,7.894736842105262,51.790991459097846,35.22727272727272,26.827627924733918,63.3408813795506
Massachusetts Institute of Technology,94.75,98.75,76.07965987916756,45.51689130810436,41.91823356908745,100.0,81.64313222079588,83.57124480041045,80.4932735426009,89.6813353566009,100.0,98.44961240310076,100.0,91.02674386107736,56.88259109311739,78.35547039911668,85.22727272727272,70.85352416067232,13.328688381814999
Mercer University,67.25,87.0,71.1344819870217,90.38501954520612,39.36423054070113,25.0,64.50577663671373,21.344549880239903,84.30493273542602,63.88467374810319,61.267605633802816,54.263565891472865,38.38383838383839,6.3613439525599285,18.218623481781375,56.87656285519436,40.9090909090909,47.79151602753733,43.1701794112524
Miami University--Oxford,80.5,90.5,72.7232042962631,68.41549713629007,46.46155983054379,46.875,36.52118100128371,34.21424340569035,69.95515695067265,83.61153262518968,50.70422535211267,55.03875968992247,32.323232323232325,4.273016401058187,29.149797570850193,61.40356574546163,57.954545454545446,14.15828005604449,
Michigan State University,80.5,91.75,68.6730812262251,56.844448510352805,54.57475642810053,56.25,13.350449293966639,38.2912656868983,78.47533632286998,93.32321699544764,54.92957746478873,44.9612403100775,26.262626262626263,12.146142178772418,10.12145748987854,56.736920728737054,49.99999999999999,22.40679460991545,
Michigan Technological University,69.25,84.25,62.74334302976056,74.36005212054977,37.43315508021391,34.375,54.878048780487816,32.04397715579891,74.43946188340807,96.66160849772382,64.7887323943662,53.48837209302323,31.313131313131315,7.935343513921974,12.55060728744939,53.72649628162244,30.681818181818187,0.3754020352997287,
Misericordia University,71.75,82.5,72.81270977847393,90.5132192846034,49.70116388801509,9.375,69.51219512195122,18.727754969662406,59.641255605381176,58.42185128983309,75.70422535211267,33.72093023255812,18.181818181818183,5.149690079955872,18.421052631578945,46.05592180040917,15.909090909090907,2.5715255164174664,48.057829646403064
Mississippi College,58.75,78.0,34.21347057507271,26.51085361312508,33.34381881094683,9.375,78.36970474967906,17.882885082399774,55.15695067264575,65.09863429438542,57.74647887323944,44.9612403100775,34.343434343434346,1.9154101852762624,1.8218623481781369,56.45763647582242,46.590909090909086,18.998518757520472,75.29698658770249
Mississippi State University,60.25,81.25,30.857014992168267,17.649472956626937,33.21989953005996,31.25,54.0436456996149,25.84351831860613,54.48430493273544,91.04704097116843,54.225352112676056,38.75968992248062,28.282828282828284,5.921936060899633,36.63967611336031,66.36897996297859,43.18181818181817,16.78290680575921,
Missouri University of Science and Technology,65.0,82.75,44.282837323786076,49.17796045323263,26.005420848289504,34.375,52.824133504492956,30.31437412891708,90.13452914798204,86.49468892261001,47.53521126760564,61.70542635658913,41.41414141414142,5.388223960413167,17.61133603238866,57.69817815737343,39.77272727272726,7.580557584762914,
Montana State University,55.75,77.0,23.663011859476377,31.66882668049078,14.606113815946998,28.125,51.15532734274713,25.590001067924383,46.636771300448444,70.8649468892261,50.70422535211267,45.736434108527106,19.191919191919194,6.4691721740238135,13.360323886639675,54.58058649693111,49.99999999999999,3.377618693138359,
Montclair State University,67.75,81.0,61.06511523830833,83.05932015107751,91.34562916075521,21.875,30.80872913992297,37.81611586273552,86.54708520179373,44.76479514415781,47.183098591549296,24.806201550387584,10.101010101010102,2.921095807987615,3.643724696356275,52.041048290195825,26.13636363636364,54.63301152441434,
Morgan State University,41.5,73.0,22.465876034907133,50.77613779747057,47.13344111428927,21.875,45.635430038510925,29.79866490196646,62.33183856502244,84.37025796661607,57.74647887323944,13.178294573643399,7.070707070707071,5.167557106257132,27.125506072874487,42.80193550482252,32.95454545454545,98.23255345101953,
New Jersey Institute of Technology,66.5,88.25,59.3868874468561,70.75992245254477,55.373469035708155,37.5,42.041078305519896,53.28944656188829,84.30493273542602,64.49165402124433,57.74647887323944,59.68992248062014,35.35353535353536,10.837605476992785,16.396761133603235,61.53346539798006,45.454545454545446,61.608954474614585,
New Mexico State University,48.0,74.75,25.990154396956818,49.6014774494557,34.759358288770045,28.125,73.55584082156612,22.18925683867819,69.73094170403589,78.75569044006068,54.225352112676056,21.70542635658913,21.212121212121215,7.104067824426925,8.097165991902832,70.64592602214789,52.272727272727266,72.25130367095288,
New York University,85.5,92.75,80.91295591855001,69.88665818370328,47.606625798878326,71.875,74.5186136071887,70.85248261314925,90.35874439461885,57.511380880121386,82.3943661971831,84.49612403100775,81.81818181818183,25.504659428805127,16.599190283400805,68.52206670347155,67.04545454545453,73.97233342843056,12.245253440167204
North Carolina Agricultural and Technical State University,49.75,78.75,32.53524278362048,55.781954292643064,59.06120023767082,21.875,31.514762516046215,23.575420715550813,60.98654708520179,70.10622154779969,48.59154929577464,20.930232558139522,13.131313131313131,2.3987608647842453,18.421052631578945,41.90238041113239,7.954545454545453,94.72747045746287,
North Carolina State University,82.0,94.0,86.10427388677553,83.23266664255488,46.12299465240642,46.875,35.23748395378692,35.6158904581129,81.61434977578476,92.26100151745067,57.74647887323944,63.5658914728682,46.46464646464647,10.040212020012383,20.24291497975708,64.26785308349301,51.13636363636363,21.905293693076644,
Northeastern University,88.5,96.75,100.0,95.2566096423017,40.593096742829374,56.25,74.1976893453145,44.5840212344643,86.32286995515697,84.52200303490136,61.267605633802816,87.59689922480618,75.75757575757576,14.327261766490981,22.064777327935218,51.80073393303673,52.272727272727266,48.81512570626198,10.343145793415772
Northern Arizona University,55.25,75.75,35.89169836652494,57.231726283048204,35.03595795685044,28.125,14.826700898587944,22.739664967977326,59.19282511210763,78.90743550834597,33.098591549295776,34.883720930232556,21.212121212121215,2.7868312998824907,3.0364372469635614,67.98298314552008,44.31818181818181,37.482331282896716,
Northern Illinois University,47.0,74.0,15.752964869098228,18.217407625891553,29.254482541679778,25.0,52.11810012836972,27.398471520263683,44.61883408071749,83.91502276176024,54.225352112676056,17.05426356589146,13.131313131313131,5.923052273044303,5.06072874493927,41.717273406293636,21.590909090909093,45.094863023964926,
Northern Kentucky University,44.75,72.0,12.396509286193776,18.068712003393188,19.737481769567324,15.625,49.22978177150193,22.654497627978486,32.06278026905831,67.83004552352048,47.183098591549296,25.58139534883719,15.151515151515152,2.6295441338344085,4.453441295546558,54.13568018705549,36.36363636363635,8.884046483271504,
Northwestern University,94.5,97.5,85.1644663235623,60.9544077924204,37.43315508021391,84.375,94.67265725288833,69.48445320815003,99.99999999999999,93.17147192716234,89.43661971830986,89.92248062015503,94.94949494949496,68.44383295969264,58.09716599190282,81.8108011561069,73.86363636363636,52.72279119643529,4.434767462114607
Nova Southeastern University,55.25,79.75,54.64309688968449,96.83773976153446,33.08823529411765,12.5,76.4441591784339,28.760808290885024,63.677130044843054,61.00151745068285,50.70422535211267,34.883720930232556,27.272727272727273,9.548798572018363,5.06072874493927,64.14120092228754,51.13636363636363,69.83512872774608,50.44417348893921
Oakland University,53.5,77.0,32.53524278362048,49.4556765163297,28.163992869875216,15.625,40.43645699614893,26.230178042200833,80.71748878923769,64.18816388467374,43.66197183098592,28.682170542635646,19.191919191919194,2.5712768334568086,3.441295546558704,56.43165654531874,37.49999999999999,18.33050046315357,
Ohio State University--Columbus,85.0,94.25,82.6583128216603,72.68957066779771,42.39877769289535,68.75,21.501925545571247,42.962746126823895,93.72197309417042,86.19119878603945,43.66197183098592,63.5658914728682,54.54545454545455,12.593838175128234,25.708502024291494,63.686552138473026,53.4090909090909,24.95526930908882,
Ohio University,64.75,80.75,44.282837323786076,49.17796045323263,46.40331205796102,40.625,33.825417201540446,28.38600287357074,55.15695067264575,89.6813353566009,54.225352112676056,37.209302325581376,19.191919191919194,5.211627856277308,5.465587044534411,66.54434449387847,29.545454545454547,7.501742476291099,
Oklahoma State University,63.0,82.75,36.42873125978965,35.792368201591245,33.21989953005996,37.5,33.31193838254173,27.494569903204976,80.4932735426009,89.52959028831563,47.183098591549296,34.883720930232556,28.282828282828284,5.8916689583819695,16.194331983805668,64.0762510960283,51.13636363636363,22.601251763954764,
Old Dominion University,53.0,78.75,29.178787200716037,54.230443916946314,37.43315508021391,31.25,36.90629011553274,29.668045357212307,59.865470852017935,72.68588770864946,47.183098591549296,24.031007751937977,9.090909090909092,2.7081189346828562,5.465587044534411,46.02994186990549,43.18181818181817,49.84534194256039,
Oregon State University,67.0,84.75,50.99574848959498,54.515434926180774,45.989304812834234,43.75,26.765083440308086,36.527679657047656,62.5560538116592,86.64643399089528,47.183098591549296,44.18604651162789,27.272727272727273,9.379857129729633,5.870445344129553,62.31935829571656,46.590909090909086,29.113931478024796,
Our Lady of the Lake University,38.75,64.25,10.718281494741547,55.87543853303916,27.259684361549517,6.25,85.5584082156611,16.428997124207505,80.71748878923769,47.799696509863445,75.35211267605634,10.077519379844944,12.121212121212121,3.791462015123721,12.955465587044532,38.20024031435715,13.63636363636364,91.05437498456138,58.53335655809092
Pace University,56.25,77.5,39.24815394942939,61.746851954046036,35.11586452762924,28.125,63.92811296534019,38.85647565302737,65.695067264574,45.6752655538695,61.267605633802816,37.209302325581376,13.131313131313131,6.043660476731698,6.6801619433198365,48.50777774169453,32.95454545454545,43.49958273109058,25.60529524473087
Pepperdine University,85.75,89.25,96.3638397851868,92.09434940383616,51.16524724367861,56.25,80.6803594351733,43.76471636091262,66.14349775784756,58.2701062215478,64.7887323943662,61.24031007751938,48.484848484848484,17.13727850391666,15.384615384615383,55.46065664274348,54.54545454545454,45.769158055644716,6.667827904546243
Portland State University,48.5,72.75,25.822331617811578,71.53965785381027,26.737967914438514,28.125,42.10526315789474,29.650399671811968,62.780269058295985,67.52655538694992,47.183098591549296,28.682170542635646,15.151515151515152,3.368745948222162,0.0,65.95979605754553,44.31818181818181,41.90412355574795,
Princeton University,97.25,94.25,70.39606175878271,33.59253499222396,44.90828589500316,96.875,92.74711168164312,85.09704855422146,87.21973094170404,90.89529590288313,96.47887323943662,93.02325581395348,88.8888888888889,59.59152876078675,99.99999999999999,100.0,96.5909090909091,58.64991791364862,13.098763281658236
Purdue University--West Lafayette,81.0,92.5,71.72745580666816,61.922666422712155,46.3458110516934,65.625,42.61874197689345,40.73982918048331,96.86098654708518,94.08194233687405,63.38028169014084,62.01550387596899,47.474747474747474,10.910553497425411,30.566801619433196,71.79878543824896,61.36363636363636,28.173635155478365,
Quinnipiac University,74.25,86.25,71.1344819870217,78.71555608725126,45.15745692216282,31.25,55.58408215661104,33.277580406238826,77.57847533632288,52.95902883156297,57.74647887323944,40.31007751937983,17.171717171717173,6.542513931934496,3.8461538461538454,80.39814243496897,34.09090909090909,13.934880588841494,21.355164605469426
Regent University,59.75,77.5,40.92638174088162,56.21485823663119,61.49732620320856,3.125,87.22721437740691,20.491395309121152,77.35426008968612,8.042488619119887,43.66197183098592,26.356589147286797,14.141414141414142,1.337567972198916,0.0,44.83486506673594,36.36363636363635,43.05121954578503,77.87841839400801
Regis University,67.25,79.0,47.63929290669052,55.9542323928016,46.260928613869794,15.625,73.74839537869063,17.30173277767034,0.0,47.49620637329287,71.83098591549296,31.007751937984494,50.505050505050505,4.048787844823848,4.8582995951417,72.99061475010555,37.49999999999999,39.56615642965075,41.66521511931719
Rensselaer Polytechnic Institute,85.25,92.0,89.59498769299617,83.82935105330128,35.85318424890619,59.375,48.39537869062903,50.53878834178102,88.11659192825114,96.20637329286797,61.61971830985915,75.968992248062,54.54545454545455,14.63948200389975,18.0161943319838,50.91416880459844,38.63636363636363,49.94662407921999,8.7162515241247
Rice University,93.25,97.0,73.81964645334526,44.07792420397806,37.43315508021391,75.0,83.24775353016689,63.83184007420075,93.4977578475336,87.25341426403642,90.49295774647888,93.79844961240309,91.91919191919193,29.965708722697936,58.50202429149796,89.20858636703147,81.81818181818181,64.99395765393612,18.524647273994063
Robert Morris University,64.75,81.5,50.99574848959498,54.515434926180774,55.667572543175226,15.625,73.10654685494222,37.93170645775307,82.73542600896862,58.2701062215478,61.267605633802816,34.883720930232556,23.232323232323232,5.122504301736535,8.502024291497975,53.93433572565193,21.590909090909093,14.01896000827648,53.57951576380422
Rochester Institute of Technology,70.5,88.5,64.42157082121278,74.70191809227575,43.39190221543163,53.125,57.89473684210528,34.45078149798045,39.910313901345305,83.61153262518968,64.7887323943662,63.5658914728682,38.38383838383839,8.412202775543854,7.894736842105262,44.37372130029552,21.590909090909093,25.778873622264456,18.76676537188642
Russell Sage College,62.75,76.5,47.63929290669052,61.634342695087355,77.98573975044565,12.5,64.89088575096277,10.333449638181985,39.461883408071756,57.81487101669196,71.83098591549296,19.37984496124031,0.0,2.933019258215551,10.728744939271252,54.06748286948332,9.090909090909093,33.440204829571286,51.621668698832956
Rutgers University--Camden,61.5,85.5,47.63929290669052,50.58968377397616,68.91332862476037,31.25,38.189987163029535,41.550730876488444,97.75784753363227,61.15326251896814,57.74647887323944,25.58139534883719,17.171717171717173,8.585193464214544,5.263157894736841,52.53466696976586,21.590909090909093,51.28905208464271,
Rutgers University--New Brunswick,82.0,93.25,91.2732154844484,94.41954075564905,65.24064171122996,53.125,35.6867779204108,45.13886300268047,97.75784753363227,66.76783004552354,54.225352112676056,59.68992248062014,29.292929292929294,14.950965618174674,11.538461538461537,56.06793751826714,44.31818181818181,60.50757718450709,
Rutgers University--Newark,66.5,85.5,59.3868874468561,92.81304491257833,68.91332862476037,34.375,18.035943517329912,53.20421503780714,97.75784753363227,77.99696509863429,57.74647887323944,27.90697674418604,14.141414141414142,10.1280487782794,7.287449392712551,55.27230214659175,40.9090909090909,77.12164889481288,
SUNY College of Environmental Science and Forestry,76.75,78.25,87.91675990154394,99.99999999999997,49.18279731867142,28.125,67.65083440308089,25.8662937933548,61.43497757847534,88.77086494688922,61.267605633802816,47.28682170542635,30.303030303030305,12.797838263282731,26.11336032388663,75.31906602149839,36.36363636363635,11.619079928643899,
Sacred Heart University,72.0,84.25,61.06511523830833,71.1550586356185,52.1795495057527,18.75,43.32477535301668,24.914932639052473,54.93273542600899,44.30955993930197,61.267605633802816,44.9612403100775,8.080808080808081,5.781461158136696,18.421052631578945,57.15909459942194,29.545454545454547,15.754496626883821,31.87597979446089
Saint Louis University,78.25,90.25,64.42157082121278,56.615332094222964,39.19312258850607,43.75,47.43260590500642,28.26556391171963,74.88789237668162,72.23065250379364,78.87323943661971,55.03875968992247,38.38383838383839,11.752709639108438,16.599190283400805,57.29873672587926,42.04545454545454,25.327342285011028,25.615746385647086
Sam Houston State University,54.0,76.75,47.63929290669052,88.14152410575423,62.45989304812835,21.875,29.78177150192555,22.75916211729068,72.19730941704036,79.96965098634291,29.5774647887324,20.930232558139522,32.323232323232325,1.4459421415230738,9.716599190283398,54.44743935309973,30.681818181818187,45.27168962288437,
Samford University,76.25,88.5,51.443275900648906,40.757656292038234,37.43315508021391,28.125,61.553273427471126,23.45152075049164,70.17937219730943,85.7359635811836,62.32394366197183,37.209302325581376,28.282828282828284,6.672789691797344,9.514170040485828,69.81456824602994,75.0,2.179509874657157,49.068106601637346
San Diego State University,74.75,89.0,67.06198254643098,68.69762650025265,67.8475935828877,40.625,15.468549422336341,35.134939380356,70.4035874439462,62.51896813353566,22.535211267605632,44.18604651162789,32.323232323232325,1.343407786158151,5.668016194331983,75.51391550027603,61.36363636363636,61.82365934482987,
Santa Clara University,91.0,94.0,88.40904005370328,72.39896770121936,47.13344111428927,46.875,46.98331193838255,45.963796326527735,86.54708520179373,78.14871016691959,71.83098591549296,69.76744186046511,39.3939393939394,13.612600789534568,33.19838056680161,71.72409313805085,67.04545454545453,49.50913403360781,13.36004180456365
Seattle University,74.0,84.75,72.81270977847393,96.75110249472718,37.43315508021391,31.25,76.12323491655968,31.16423556288921,70.4035874439462,87.40515933232169,71.83098591549296,49.61240310077517,23.232323232323232,8.852398234450316,8.502024291497975,63.09226122820122,26.13636363636364,55.47015463896781,24.725657550949308
Seton Hall University,70.5,83.75,56.030431863951655,58.89061689994816,39.39142878662349,40.625,56.354300385109134,30.908037392461416,75.78475336322872,61.760242792109246,61.267605633802816,49.61240310077517,32.323232323232325,8.561890734032161,18.0161943319838,64.64456207579644,35.22727272727272,41.5592647426271,29.001916042501293
Shenandoah University,60.0,82.25,49.31752069814275,84.6987407816184,39.750445632798574,9.375,72.72143774069319,19.07634859520546,54.7085201793722,65.40212443095601,75.35211267605634,30.23255813953486,14.141414141414142,6.866380492588434,6.072874493927124,7.77124671191504,19.318181818181813,31.176895393354997,50.583522034488766
Simmons University,78.25,82.75,76.16916536137836,79.50386882476045,55.30939648586707,21.875,71.18100128369704,20.906123225637216,36.322869955156946,25.948406676783,78.87323943661971,37.98449612403098,28.282828282828284,11.81412353291882,21.052631578947363,55.811385704543234,23.86363636363636,34.53322438907571,35.56523253788538
South Dakota State University,56.75,78.0,30.857014992168267,39.76647164827568,24.598930481283432,28.125,25.4813863928113,24.28697038936484,47.7578475336323,86.94992412746586,50.70422535211267,37.209302325581376,17.171717171717173,5.651404069536054,13.360323886639675,55.66849608677297,23.86363636363636,0.0,
Southern Illinois University Edwardsville,49.0,76.25,11.188185276348172,0.0,16.919435434382393,15.625,60.46213093709886,23.569175110617557,55.82959641255606,81.48710166919574,57.74647887323944,31.7829457364341,20.202020202020204,5.086258998323143,3.643724696356275,65.49865229110512,52.272727272727266,17.785716726778546,
Southern Illinois University--Carbondale,44.0,73.75,10.718281494741547,1.1793675479523245,19.40978411566647,21.875,82.4775353016688,21.287924707924155,29.596412556053806,89.22610015174507,71.83098591549296,38.372093023255815,14.141414141414142,17.75567170876118,6.072874493927124,50.39781768583769,30.681818181818187,23.175358235657853,
Southern Methodist University,80.25,90.75,61.66927724323114,51.87194173652469,30.890217049386592,46.875,62.9653401797176,51.585689971232206,65.695067264574,78.90743550834597,71.83098591549296,68.21705426356587,46.46464646464647,14.92903000871788,21.255060728744937,70.16204981651674,72.72727272727272,27.266928196059524,5.737676363002947
St. John Fisher College,72.75,87.5,67.77802640411724,87.0044099789088,54.81283422459893,15.625,33.88960205391528,21.083725518648116,73.09417040358746,66.31259484066766,68.30985915492957,37.209302325581376,21.212121212121215,5.086107670715397,8.502024291497975,54.6487838145033,15.909090909090907,5.334673897857897,47.340184636822855
St. John's University (NY),61.5,83.25,54.352204072499426,78.7609386968733,49.215988398441056,37.5,45.25032092426187,42.441941671184644,85.87443946188343,55.08345978755691,54.225352112676056,43.410852713178286,19.191919191919194,4.329854244794567,6.275303643724694,55.895820478680214,34.09090909090909,52.03643114524549,30.447657202577943
Stanford University,94.25,95.5,73.14835533676438,43.07931570762054,40.42320740612962,100.0,79.13992297817714,88.2185722764361,98.65470852017937,99.8482549317147,92.95774647887323,90.69767441860463,95.95959595959596,79.73859123082384,45.54655870445343,86.2273893417335,89.77272727272728,66.99524634532375,12.821808047378497
Stevens Institute of Technology,85.75,94.0,87.91675990154394,78.68139165079421,39.031286495789544,40.625,34.65982028241336,51.550008558700505,90.35874439461885,82.85280728376327,68.30985915492957,75.968992248062,66.66666666666667,9.125967776536193,26.720647773279346,55.97376027019127,30.681818181818187,33.2916635184678,11.513673576032048
Stony Brook University--SUNY,74.5,89.75,78.51868426941147,92.09434940383616,47.224523612261805,50.0,31.450577663671385,44.95745409986441,79.59641255605383,78.75569044006068,43.66197183098592,65.89147286821705,43.43434343434344,11.388190054008682,6.477732793522266,69.54177897574124,54.54545454545454,66.22966549109591,
Syracuse University,83.0,90.5,86.23853211009171,88.70621343405165,50.23923444976077,56.25,62.13093709884468,35.03857438661124,81.390134529148,79.36267071320182,57.74647887323944,55.03875968992247,32.323232323232325,13.047034486431372,19.028340080971656,49.66713214042152,48.86363636363636,37.40176566375404,10.344887650235137
Temple University,73.25,88.75,67.77802640411724,75.35901112884005,61.33021390374333,43.75,45.442875481386395,39.31996372315667,75.33632286995517,66.31259484066766,64.7887323943662,42.63565891472868,35.35353535353536,8.140948373715439,7.4898785425101195,54.24609489169617,27.272727272727266,37.35563976182171,
Tennessee Tech University,53.75,77.25,32.53524278362048,46.44559273566446,28.315946348733235,18.75,60.33376123234918,22.251579582608933,50.67264573991032,86.19119878603945,46.47887323943662,37.209302325581376,30.303030303030305,2.203719950429263,9.716599190283398,66.39171240216933,43.18181818181817,4.939766079234502,
Texas A&M University,82.25,92.5,66.32356231819196,50.727573028560386,42.64705882352942,62.5,14.569961489088573,44.838772794421395,44.17040358744394,93.93019726858876,43.66197183098592,55.81395348837208,65.65656565656566,11.316990316256067,29.757085020242908,71.41233397200662,60.22727272727272,33.67646846320491,
Texas A&M University--Commerce,42.0,65.25,9.040053703289324,12.159437820402047,31.2537136066548,18.75,43.06803594351733,29.592836424446965,54.7085201793722,67.07132018209407,50.70422535211267,22.093023255813932,18.181818181818183,1.1226488425741286,2.4291497975708496,57.906017601402915,36.36363636363635,53.683510897193386,
Texas A&M University--Corpus Christi,36.75,57.5,7.361825911837094,53.72302090050451,3.3831714503983363,18.75,38.18998716302953,19.11948523576023,52.690582959641276,83.00455235204853,50.70422535211267,27.90697674418604,15.151515151515152,3.075900873037093,3.0364372469635614,52.18069041665313,31.818181818181813,59.15749282900694,
Texas Christian University,82.75,91.5,61.266502573282615,48.908542412261795,40.90909090909091,40.625,51.091142490372285,44.57892600577568,69.95515695067265,76.63125948406676,64.08450704225353,47.28682170542635,38.38383838383839,11.798536809384224,25.708502024291494,65.37200012989965,69.31818181818181,23.592473757705946,20.67584044591534
Texas State University,54.5,77.0,34.21347057507271,59.801776629675516,40.007922360863546,18.75,31.643132220795888,24.378013041514315,45.73991031390135,84.0667678300455,40.14084507042253,28.682170542635646,10.101010101010102,1.2317575845877915,3.2388663967611326,59.21150910921313,34.09090909090909,52.09880881177124,
Texas Tech University,60.75,85.75,47.63929290669052,70.80990549108745,35.260695187165766,40.625,15.661103979460858,33.76368595952957,67.71300448430493,92.71623672230652,43.66197183098592,37.98449612403098,17.171717171717173,3.3463205112859162,17.20647773279352,50.11203845029714,48.86363636363636,37.88427467324639,
Texas Woman's University,42.5,75.25,24.144103826359363,51.68769080122112,40.39139833883263,21.875,47.62516046213094,18.540386821664974,54.48430493273544,71.47192716236722,43.66197183098592,20.155038759689916,17.171717171717173,1.524759926045241,1.2145748987854246,65.82340142240119,34.09090909090909,63.87999600959395,
The Catholic University of America,74.0,86.75,66.09979861266501,77.86417833074128,39.33777745220132,37.5,77.79204107830553,28.008398042819962,87.21973094170404,64.6433990895296,71.83098591549296,49.224806201550365,27.272727272727273,11.585906918611336,16.801619433198375,0.0,37.49999999999999,22.74099915855915,19.81187946350809
The New School,69.25,79.0,48.40008950548221,54.74850137632433,41.64641063036785,37.5,98.39537869062902,35.02493773773722,47.98206278026906,16.995447647951444,78.87323943661971,52.71317829457362,16.161616161616163,10.647477351047176,0.809716599190283,61.098301562043325,61.36363636363636,61.96633169162191,18.378331301167037
Towson University,72.25,85.25,74.49093756992613,99.99999999999997,59.50258891435365,28.125,35.17329910141207,24.40379529365773,51.79372197309418,67.07132018209407,54.225352112676056,32.55813953488371,13.131313131313131,1.0215051940636704,4.655870445344128,77.44292534017471,39.77272727272726,43.62074627684928,
Tufts University,93.5,95.25,83.08346386216155,59.933489957314464,34.53654188948306,65.625,78.36970474967907,43.02754242654243,85.87443946188343,74.35508345978755,78.87323943661971,84.49612403100775,83.83838383838385,23.276549791997375,39.47368421052631,81.1580554022018,76.13636363636364,42.133491592273124,0.9231841142657942
Tulane University,85.0,93.0,67.17386439919446,49.949053467045644,34.27321341759844,59.375,67.90757381258024,43.700591525439876,84.08071748878926,77.845220030349,82.3943661971831,79.06976744186045,62.62626262626263,27.220400072407315,31.781376518218618,58.860780047413364,69.31818181818181,18.45043102861021,4.730883121407416
UNC Greensboro,56.25,77.0,45.96106511523829,77.04811117242761,53.17324185248714,31.25,40.17971758664955,24.868290560155714,60.98654708520179,85.28072837632774,54.225352112676056,24.806201550387584,14.141414141414142,2.649400151338827,6.477732793522266,42.25960445555808,25.0,50.63574705601039,
University at Albany--SUNY,64.25,82.0,59.3868874468561,96.35123818638593,51.57255506208645,37.5,22.464698331193848,32.92910527438621,91.03139013452913,69.49924127465857,45.070422535211264,38.75968992248062,17.171717171717173,6.823005649735841,10.728744939271252,59.51027831000551,27.272727272727266,50.03287950612646,
University at Buffalo--SUNY,75.25,86.75,71.1344819870217,81.51925834663001,56.39280505590668,46.875,33.05519897304237,34.67763273107763,91.92825112107626,83.3080424886191,61.267605633802816,48.83720930232556,28.282828282828284,8.642323995840087,17.81376518218623,68.77861851719547,39.77272727272726,46.5389246728382,
University of Akron,47.5,73.0,17.431192660550458,14.463452566096436,29.984721161191743,18.75,30.359435173299115,27.114368085738874,65.47085201793722,49.92412746585736,50.70422535211267,27.90697674418604,18.181818181818183,3.363441705510531,3.2388663967611326,56.40892410612802,35.22727272727272,14.36879731325837,
University of Alabama,70.75,87.25,42.20183486238532,30.596709503151317,28.404750329884024,43.75,31.25802310654686,33.75114537729205,69.28251121076234,86.03945371775416,40.14084507042253,44.9612403100775,44.44444444444445,4.165116289651304,39.87854251012145,62.06280648199266,55.68181818181817,12.231703790471784,
University of Alabama at Birmingham,58.75,83.75,39.24815394942939,46.90234674218334,30.91577540106951,37.5,45.25032092426187,34.409570379895214,73.09417040358746,85.12898330804248,40.14084507042253,46.3565891472868,28.282828282828284,19.7311077012285,8.906882591093117,54.49939921410709,38.63636363636363,37.35095367838764,
University of Alabama--Huntsville,54.0,82.5,28.776012530767495,43.711767755313616,14.941805599245058,25.0,33.31193838254173,29.30902428691114,66.36771300448432,74.65857359635811,43.66197183098592,57.28682170542635,32.323232323232325,6.201807404927405,0.6072874493927127,63.27736823303997,56.81818181818181,18.201881673054558,
University of Arizona,64.25,83.25,46.37502797046317,59.0068764675388,31.299150676313303,59.375,33.889602053915276,30.244482600509926,85.65022421524661,92.56449165402125,57.74647887323944,48.062015503875955,34.343434343434346,12.942208496685637,14.170040485829956,68.16159516773291,56.81818181818181,45.399107294408,
University of Arkansas,65.5,83.75,40.792123517565436,37.15007776049768,31.558333960985152,40.625,48.33119383825416,34.48225638450176,61.65919282511213,86.49468892261001,43.66197183098592,42.63565891472868,28.282828282828284,6.755696880914775,30.971659919028337,62.49797031792939,52.272727272727266,14.98848302417204,
University of California--Berkeley,91.75,96.75,79.43611546207205,54.44999613954974,38.96103896103895,93.75,55.90500641848525,69.88072573238111,97.75784753363227,81.03186646433988,44.71830985915493,77.51937984496124,95.95959595959596,18.315687422910802,13.562753036437245,82.24596499204364,73.86363636363636,75.1688664732587,
University of California--Davis,86.0,92.5,85.70149921682702,77.57670012724444,40.74357015533485,68.75,20.66752246469833,56.937383441089345,86.54708520179373,79.81790591805765,40.14084507042253,55.81395348837208,100.0,22.256575449248388,10.12145748987854,82.3239047835547,55.68181818181817,75.65237467335122,
University of California--Irvine,84.25,93.75,84.7728798388901,78.53661297915062,46.12299465240642,65.625,49.10141206675226,62.33984158282292,95.51569506726456,93.32321699544764,47.183098591549296,65.50387596899225,98.98989898989899,14.705692529049294,12.55060728744939,76.41347059396617,56.81818181818181,85.3453778460727,
University of California--Los Angeles,91.25,96.5,87.84963078988585,69.29547316844761,42.17306757413712,84.375,45.89216944801028,75.42469496391448,95.51569506726456,95.75113808801214,47.183098591549296,76.74418604651163,96.96969696969697,40.3524278042252,10.12145748987854,73.117266911311,62.49999999999999,70.12763246581224,
University of California--Riverside,75.75,89.75,81.20384873573505,96.95936515532162,45.05164456816351,46.875,0.0,48.730436383132165,95.51569506726456,91.04704097116843,29.5774647887324,41.08527131782944,93.93939393939395,9.538208853577874,2.631578947368421,70.98041762738285,36.36363636363635,87.71004195862163,
University of California--San Diego,86.25,93.75,83.55336764376815,71.75284393730232,39.04986941922647,68.75,42.42618741976894,86.82669601623718,95.73991031390132,92.41274658573596,43.66197183098592,71.31782945736433,100.0,27.446989043191753,4.655870445344128,74.05579190075666,60.22727272727272,78.43056912140023,
University of California--Santa Barbara,83.75,93.25,89.57261132244346,76.50892394282752,47.48405386250886,62.5,55.712451861360734,77.58302297449475,99.99999999999999,93.77845220030349,50.70422535211267,68.9922480620155,100.0,16.441358170955745,32.38866396761133,75.20540382554476,56.81818181818181,64.59924703541884,
University of California--Santa Cruz,75.5,88.25,76.16916536137836,90.759629173315,25.707106500869784,50.0,7.060333761232357,54.117534780243325,95.51569506726456,85.28072837632774,23.943661971830977,54.263565891472865,93.93939393939395,8.869581941145459,3.0364372469635614,69.49306660604682,46.590909090909086,65.72530164394672,
University of Central Arkansas,42.75,75.0,9.040053703289324,6.826260830926458,14.681575109382592,12.5,59.820282413350455,16.14979142888727,42.600896860986566,86.79817905918057,57.74647887323944,21.70542635658913,22.222222222222225,1.0076647348656333,11.740890688259107,33.12116390088656,40.9090909090909,24.023714690921665,
University of Central Florida,72.25,91.0,69.59051241888565,84.44167962674959,54.28617728082966,37.5,19.704749679075743,36.19424828664295,66.36771300448432,87.70864946889225,0.0,52.71317829457362,34.343434343434346,2.0489797010891646,8.097165991902832,68.55778910791415,53.4090909090909,47.76288836890941,
University of Chicago,94.5,99.0,69.76952338330725,36.22775185761188,35.999779480677006,90.625,96.53401797175867,79.46569516323075,99.99999999999999,92.10925644916537,92.95774647887323,96.89922480620154,98.98989898989899,67.64172641795173,63.96761133603237,84.55168382424577,92.04545454545455,59.33671129574104,4.471346455321367
University of Cincinnati,69.5,87.0,54.352204072499426,55.72835666148262,47.80908292760796,37.5,36.585365853658544,30.422129328654734,67.93721973094172,75.87253414264038,43.66197183098592,48.83720930232556,24.242424242424242,7.516234676185863,13.967611336032386,60.47478322995486,39.77272727272726,16.075475601188728,
University of Colorado Boulder,70.25,87.0,52.405459834414835,54.61729225337308,33.67538661656309,62.5,55.32734274711167,38.87811556324272,71.30044843049329,83.91502276176024,47.183098591549296,51.16279069767441,25.252525252525253,12.068136703257334,8.906882591093117,71.49027376351768,64.77272727272727,22.989903127138604,
University of Colorado Denver,47.25,70.5,29.805325576191542,96.83773976153446,3.872395353125583,37.5,49.486521181001294,31.467732464748252,8.744394618834079,91.9575113808801,47.183098591549296,29.844961240310056,24.242424242424242,22.199462789793312,3.2388663967611326,72.74380541032053,51.13636363636363,50.59370074554809,
University of Colorado--Colorado Springs,44.5,69.0,15.752964869098228,50.58968377397616,2.6737967914438627,31.25,46.919127086007705,27.11882641084142,27.57847533632288,70.56145675265554,50.70422535211267,30.23255813953486,12.121212121212121,2.776161036296555,4.8582995951417,62.686324814081125,45.454545454545446,29.46422642703334,
University of Connecticut,84.0,93.5,79.52562094428282,74.88793340042082,44.47302511338253,53.125,57.76636713735559,42.26904950236847,83.63228699551571,89.37784522003034,54.225352112676056,57.36434108527132,50.505050505050505,14.282915719238762,13.360323886639675,63.02081641931607,45.454545454545446,39.61381001572682,
University of Delaware,83.0,90.5,74.49093756992613,64.14879380809433,48.1283422459893,50.0,25.160462130937105,43.213868817511475,81.16591928251121,86.79817905918057,68.30985915492957,53.48837209302323,23.232323232323232,12.426445697081324,12.75303643724696,58.458091124606234,38.63636363636363,22.053751935291345,
University of Denver,76.0,86.25,69.59051241888562,81.5257428173856,30.393285047045282,43.75,65.53273427471116,37.73071153535582,78.47533632286998,61.15326251896814,71.83098591549296,55.03875968992247,38.38383838383839,13.3422277176392,14.372469635627528,60.87747215276199,55.68181818181817,22.30291939692431,15.17331475352725
University of Detroit Mercy,66.75,84.5,56.030431863951655,51.34984248514576,52.1795495057527,12.5,65.85365853658537,26.385799755636384,85.87443946188343,56.14567526555388,71.83098591549296,37.98449612403098,25.252525252525253,8.334419105140356,9.311740890688258,38.71334394180496,30.681818181818187,32.59901536709127,58.13621320327469
University of Florida,88.5,96.75,77.06422018348621,59.24197914866656,45.709192768016294,65.625,61.424903722721425,40.7922971991597,84.30493273542602,92.86798179059178,50.70422535211267,72.09302325581393,81.81818181818183,19.348722526342307,34.0080971659919,75.16643392978924,71.5909090909091,41.34801095420849,
University of Georgia,85.5,95.25,78.85432982770192,64.29133101508029,47.73222420281246,62.5,50.385109114249055,37.26438949113033,88.78923766816145,92.41274658573596,50.70422535211267,62.01550387596899,55.55555555555556,9.475846964311287,24.69635627530364,66.58006689832104,60.22727272727272,21.76477483356794,
University of Hawaii--Manoa,60.5,79.75,42.828373237860795,66.62058637175275,31.016042780748677,34.375,51.73299101412066,37.53417987529822,72.6457399103139,89.98482549317146,75.35211267605634,38.75968992248062,29.292929292929294,17.150809759317664,6.072874493927124,67.13214042152438,60.22727272727272,76.36343409493065,
University of Houston,59.0,85.25,50.257328261356,83.28519588239647,39.712457263084076,37.5,12.708600770218224,43.98056742974793,69.05829596412558,75.11380880121396,29.5774647887324,47.28682170542635,32.323232323232325,4.548605699037609,13.562753036437245,71.61692592472315,55.68181818181817,76.1906655608308,
University of Idaho,57.25,79.25,42.604609532333846,66.11864030215506,37.43315508021391,31.25,77.47111681643132,26.34066847129266,66.59192825112108,92.56449165402125,54.225352112676056,30.23255813953486,17.171717171717173,8.161675019518725,14.574898785425098,58.373656350469254,42.04545454545454,12.970095742880133,
University of Illinois--Chicago,60.0,80.25,56.030431863951655,89.05371455915778,63.666633034002615,43.75,22.65725288831837,44.63597084324504,71.74887892376684,84.67374810318665,47.183098591549296,35.65891472868216,31.313131313131315,18.711445515558417,1.6194331983805665,72.31188906569675,45.454545454545446,70.72140735268468,
University of Illinois--Urbana-Champaign,85.0,92.75,80.86820317744457,69.81478863282905,46.01571268237936,71.875,34.91655969191271,44.79031874950844,87.66816143497759,99.99999999999997,40.14084507042253,66.66666666666666,51.515151515151516,14.39182396711914,9.716599190283398,66.07995323612508,55.68181818181817,52.21051134326629,
University of Indianapolis,59.25,74.25,32.53524278362048,30.24425944561341,44.50285507115021,21.875,69.6405648267009,16.283555993675,36.99551569506728,69.34749620637328,64.7887323943662,24.031007751937977,14.141414141414142,4.022113911281843,19.4331983805668,50.34910531614327,23.86363636363636,27.83165036146241,52.273123149277126
University of Iowa,72.75,86.5,55.33676437681806,57.58354933471574,35.52853270822649,59.375,56.803594351733,38.76119685144491,76.45739910313902,93.93019726858876,54.225352112676056,46.51162790697674,33.333333333333336,11.686282449002313,10.931174089068824,59.854512389179355,49.99999999999999,15.09026007965251,
University of Kansas,64.5,84.75,29.178787200716037,23.26868539017474,21.76696542893727,53.125,70.34659820282414,30.301394132577556,91.47982062780271,93.47496206373293,51.760563380281695,44.18604651162789,30.303030303030305,11.758546684365918,21.457489878542507,60.786542395999085,47.72727272727272,19.920616529714394,
University of Kentucky,65.75,84.75,40.92638174088162,39.872516592556906,27.64178654816601,46.875,40.37227214377407,33.61392474653336,84.75336322869957,80.72837632776933,54.225352112676056,41.08527131782944,32.323232323232325,15.806896492483606,16.801619433198375,51.7617640372812,47.72727272727272,14.544718285422277,
University of La Verne,68.5,80.5,61.06511523830833,92.92031289895777,81.92513368983958,12.5,77.40693196405647,29.10186275537427,50.89686098654708,59.484066767830036,64.7887323943662,22.480620155038736,17.171717171717173,9.868078774200022,4.655870445344128,56.58753612834085,20.454545454545453,82.58040086418114,30.796028566451824
University of Louisville,57.5,80.5,35.89169836652494,45.268572795789,22.906856093862245,37.5,47.175866495507066,26.344707131241584,68.60986547085203,66.46433990895295,63.028169014084504,39.534883720930225,30.303030303030305,13.485135350232031,16.194331983805668,66.66774916377099,44.31818181818181,22.32809955962732,
University of Maine,57.75,76.25,32.53524278362048,49.4556765163297,23.977919613593244,37.5,41.463414634146346,27.560926369847543,71.52466367713005,73.74810318664643,54.225352112676056,37.209302325581376,21.212121212121215,8.046419077461685,11.133603238866394,52.638586691780596,25.0,5.081542551928578,
University of Maryland--Baltimore County,67.75,87.25,56.701722980532544,68.37739761534473,41.52249134948096,40.625,36.64955070603338,33.27944668186315,67.48878923766817,74.05159332321699,50.70422535211267,52.71317829457362,21.212121212121215,5.9396430602519805,5.263157894736841,66.13191309713247,55.68181818181817,57.50966795803408,
University of Maryland--College Park,86.25,95.25,79.50324457373014,67.62276733116545,35.85318424890619,65.625,45.57124518613607,49.88494015797084,81.16591928251121,84.0667678300455,50.70422535211267,72.09302325581393,72.72727272727273,10.531858424164636,10.323886639676113,66.47939466761926,61.36363636363636,46.552365308121985,
University of Massachusetts--Amherst,80.5,90.5,87.91675990154394,91.52966007553874,54.34311316664258,56.25,47.496790757381255,43.627174809742336,88.56502242152469,90.28831562974204,50.70422535211267,59.68992248062014,33.333333333333336,9.942795092217533,12.34817813765182,56.509596336829794,34.09090909090909,30.091359091386423,
University of Massachusetts--Boston,48.5,76.25,34.21347057507271,95.2566096423017,29.411764705882348,34.375,37.676508344030815,38.374127337170776,70.17937219730943,75.26555386949923,50.70422535211267,31.007751937984494,14.141414141414142,7.577660912788422,5.668016194331983,60.64690026954178,45.454545454545446,61.36148067502332,
University of Massachusetts--Dartmouth,53.75,71.5,30.857014992168267,61.88347033992446,34.809807284835045,31.25,53.78690629011552,33.368948916037,74.66367713004486,83.61153262518968,57.74647887323944,27.90697674418604,11.11111111111111,7.097461902666438,1.6194331983805665,42.00630013314714,9.090909090909093,32.00918718887472,
University of Massachusetts--Lowell,64.5,84.5,64.42157082121278,89.83559209064651,48.29545454545456,28.125,30.87291399229783,42.466459990630106,80.71748878923769,75.26555386949923,43.66197183098592,50.3875968992248,24.242424242424242,6.935340836145987,15.789473684210524,56.175104731594836,23.86363636363636,35.247942256334525,
University of Memphis,48.75,77.25,24.144103826359363,32.80196993260756,34.759358288770045,28.125,55.58408215661103,24.368577981413573,50.000000000000014,72.23065250379364,54.225352112676056,28.682170542635646,18.181818181818183,4.462277004466032,7.085020242914979,47.98817913162082,7.954545454545453,48.29719839059171,
University of Miami,83.0,91.75,66.30118594763928,55.1636673331852,28.05984497987143,53.125,62.25930680359435,49.71878731779805,78.9237668161435,82.39757207890744,68.30985915492957,65.89147286821705,50.505050505050505,27.04975533683581,18.825910931174086,76.77718962101775,70.45454545454545,51.63636324575901,15.276084305870043
University of Michigan--Ann Arbor,92.5,96.75,87.40210337883192,66.42621576607874,43.682028480442256,87.5,61.29653401797175,51.06166643700285,83.85650224215247,89.98482549317146,61.267605633802816,83.72093023255812,76.76767676767678,20.436565621886757,29.352226720647767,67.21332770434839,64.77272727272727,36.97474318888873,
University of Michigan--Flint,42.0,73.75,2.3271425374804124,17.506254648725417,0.0,18.75,52.18228498074453,26.416311880922926,42.600896860986566,67.22306525037936,61.267605633802816,27.90697674418604,18.181818181818183,3.765224172171423,4.048582995951415,41.13597246127366,30.681818181818187,19.454978144611033,
University of Minnesota--Twin Cities,81.75,93.0,82.88207652718728,77.93771926651957,42.582689641513156,59.375,32.092426187419775,40.73892072885666,50.44843049327356,81.63884673748103,50.70422535211267,68.21705426356587,48.484848484848484,19.242797205507394,12.145748987854248,69.39239437534505,45.454545454545446,26.488833094815647,
University of Mississippi,64.25,85.75,35.175654508838655,28.426025306843655,35.38848694558038,40.625,65.21181001283698,28.152762855664363,55.82959641255606,90.28831562974204,54.225352112676056,32.55813953488371,22.222222222222225,9.831530875760308,14.574898785425098,61.458773097781965,56.81818181818181,11.87799473754147,
University of Missouri,70.25,87.75,56.030431863951655,56.31087828435784,37.43315508021391,50.0,42.49037227214377,31.27519996674277,71.0762331838565,90.44006069802731,47.183098591549296,47.28682170542635,34.343434343434346,7.37794762161398,20.24291497975708,63.7060370863508,48.86363636363636,10.696348267969,
University of Missouri--Kansas City,48.75,74.75,24.144103826359363,30.015552099533437,17.570664629488164,28.125,82.54172015404366,25.472761435714972,74.66367713004486,68.13353566009104,54.225352112676056,38.372093023255815,32.323232323232325,5.483767307729386,6.882591093117409,64.91410385477218,42.04545454545454,38.12942503350549,
University of Missouri--St. Louis,54.0,77.0,29.178787200716037,33.29607309486781,30.363455089277636,25.0,65.78947368421052,22.430524804111414,52.690582959641276,70.25796661608499,43.66197183098592,39.92248062015503,37.37373737373738,3.6016348510716574,8.097165991902832,58.42561621147663,45.454545454545446,28.85202493293329,
University of Montana,49.25,70.5,14.074737077645999,31.585715994736205,9.625668449197875,34.375,69.25545571245186,22.645931521607594,61.21076233183858,81.33535660091047,47.183098591549296,36.43410852713177,15.151515151515152,6.932482251897665,14.979757085020239,49.6931120709252,36.36363636363635,13.397011646550737,
University of Nebraska--Lincoln,67.25,83.75,47.63929290669052,55.9542323928016,33.40308455397971,46.875,33.05519897304236,33.26597789905058,54.48430493273544,90.28831562974204,54.225352112676056,47.28682170542635,29.292929292929294,7.932707557370542,30.364372469635622,64.75822427175007,44.31818181818181,14.20980814228264,
University of Nevada--Las Vegas,43.5,77.25,18.035354665473257,61.44733794381392,11.685482273717568,34.375,38.51091142490373,36.32328791552466,80.26905829596414,62.67071320182095,43.66197183098592,35.65891472868216,21.212121212121215,6.223518175738513,5.06072874493927,65.62855194362353,55.68181818181817,68.06300720696595,
University of Nevada--Reno,58.75,80.75,39.14746028194225,55.308368973561414,35.19061583577712,25.0,50.320924261874204,28.01542373121523,54.93273542600899,80.1213960546282,50.70422535211267,38.75968992248062,24.242424242424242,8.190975014512837,8.097165991902832,59.812295002110865,52.272727272727266,37.85796722209807,
University of New Hampshire,77.0,85.75,69.45625419556947,75.67492124257288,58.185010775001984,40.625,36.585365853658544,37.95768619938055,67.04035874439462,84.37025796661607,54.225352112676056,42.63565891472868,22.222222222222225,7.401716665373939,12.955465587044532,50.326372876952554,22.72727272727272,4.65867090632932,
University of North Carolina--Chapel Hill,90.5,96.25,86.40635488923695,69.32263844749477,38.978015448603685,78.125,50.64184852374839,46.778909485780325,57.39910313901346,83.3080424886191,57.74647887323944,71.31782945736433,73.73737373737374,22.529518799274385,29.149797570850193,83.75604845257038,65.9090909090909,35.20828677446927,
University of North Carolina--Charlotte,60.5,83.25,57.708659655403885,89.21956736886753,44.16077281352423,37.5,14.63414634146342,31.79574274881564,65.695067264574,81.7905918057663,40.8450704225352,43.410852713178286,16.161616161616163,2.0205249385773687,4.655870445344128,34.351963108498694,35.22727272727272,37.8547107366535,
University of North Carolina--Wilmington,72.75,85.0,62.74334302976056,68.79348448882706,47.508331395799445,28.125,53.85109114249038,22.71248547773422,63.228699551569505,74.8103186646434,50.70422535211267,50.3875968992248,21.212121212121215,1.8332414851569085,6.882591093117409,63.628097294839726,44.31818181818181,10.65100973896439,
University of North Florida,59.5,82.0,45.42403222197358,75.82401043495707,37.43315508021391,21.875,25.802310654685492,27.615981500765045,63.228699551569505,73.14112291350531,43.66197183098592,34.883720930232556,13.131313131313131,1.4805588544371702,2.834008097165992,79.11863085766245,55.68181818181817,28.86869232747007,
University of North Texas,55.25,79.25,47.63929290669052,91.96035532593507,37.43315508021391,28.125,27.086007702182282,29.179569930112912,55.82959641255606,82.09408194233686,19.014084507042256,36.43410852713177,19.191919191919194,1.8143074654004652,5.668016194331983,69.03841782223233,39.77272727272726,52.854029191765704,
University of Northern Colorado,49.75,71.25,19.109420452002674,26.39566686330241,25.236889013978796,21.875,57.18870346598202,17.03771402367395,65.47085201793722,76.63125948406676,50.70422535211267,27.90697674418604,14.141414141414142,1.8888330439426202,3.2388663967611326,65.97278602279738,34.09090909090909,28.53679605243343,
University of Notre Dame,96.25,97.75,97.11344819870214,74.27811001907938,37.43315508021391,78.125,67.26572528883183,56.42824073948358,80.26905829596414,93.93019726858876,80.98591549295774,87.59689922480618,89.89898989898991,27.00324867498503,75.10121457489878,71.39609651544183,62.49999999999999,22.670493554141416,8.164082912384586
University of Oklahoma,69.0,89.25,47.69523383307226,43.18472438223603,37.43315508021391,46.875,53.78690629011554,32.3784255970465,68.83408071748879,89.83308042488616,49.64788732394366,44.9612403100775,30.303030303030305,5.896090667377185,12.955465587044532,57.09089728184977,54.54545454545454,31.58106821381321,
University of Oregon,73.25,85.25,52.94249272767956,48.13071842620829,51.95945406656557,56.25,33.4403080872914,38.2616175781045,90.8071748878924,88.61911987860393,50.70422535211267,43.410852713178286,25.252525252525253,8.42127931822218,10.526315789473681,65.26483291657195,59.090909090909086,31.24895426265759,
University of Pennsylvania,95.75,97.25,73.43924815394939,41.629946431657174,37.43315508021391,90.625,82.60590500641847,77.82740139930186,99.99999999999999,90.28831562974204,89.43661971830986,93.79844961240309,95.95959595959596,56.01199243118829,74.49392712550606,82.94092813301725,85.22727272727272,59.101940241251945,3.1701794112523913
University of Pittsburgh--Pittsburgh Campus,82.75,93.0,79.52562094428282,74.88793340042082,37.43315508021391,59.375,42.93966623876767,39.093976506552224,85.87443946188343,87.25341426403642,61.267605633802816,65.3488372093023,53.535353535353536,22.84356446983951,14.979757085020239,59.41934855324262,42.04545454545454,23.89149924862103,
University of Rhode Island,67.75,84.75,56.030431863951655,67.05978918265077,48.29545454545456,40.625,46.53401797175867,37.77151286276165,67.48878923766817,80.4248861911988,50.70422535211267,41.08527131782944,18.181818181818183,6.05790553153381,5.668016194331983,60.69561263923618,29.545454545454547,16.165268479153085,
University of Rochester,86.0,94.75,87.31259789662113,85.21827190856811,32.74650003004268,56.25,94.73684210526316,50.479289697472275,81.61434977578476,83.45978755690439,78.16901408450704,76.74418604651163,70.70707070707071,31.639053283594126,39.676113360323875,59.4128535706167,55.68181818181817,51.74029849355196,7.291412645880499
University of Saint Joseph,61.0,80.0,34.21347057507271,50.270907540259884,60.60606060606062,15.625,90.56482670089859,16.694985835807344,84.08071748878926,43.39908952959029,85.91549295774648,24.496124031007753,20.202020202020204,6.961436925580961,15.182186234817813,53.44071704608189,5.681818181818173,30.867379126306446,35.875283051733135
University of San Diego,80.75,89.0,73.57350637726557,74.97519984127896,39.19312258850607,43.75,53.27342747111681,43.984033370193096,84.75336322869957,60.39453717754173,66.90140845070422,52.71317829457362,36.36363636363637,9.991548884577846,16.801619433198375,56.52258630208164,56.81818181818181,43.65989016673206,18.578644835394527
University of San Francisco,74.5,82.25,64.42157082121278,80.50661496836318,45.73389735812913,43.75,57.381258023106554,40.64742878813096,92.15246636771299,50.98634294385433,68.30985915492957,50.3875968992248,34.343434343434346,8.936297613924168,8.906882591093117,62.21543857370181,43.18181818181817,73.00541984226889,17.519595889217896
University of South Carolina,76.0,88.75,66.09979861266501,64.4245723172628,44.94869200751552,46.875,46.598202824133494,33.47825440822449,73.99103139013455,75.11380880121396,47.183098591549296,51.16279069767441,27.272727272727273,6.008675755202826,11.133603238866394,61.8939369337187,47.72727272727272,14.912555193394624,
University of South Dakota,58.5,77.0,30.857014992168267,34.32228735494675,28.743315508021396,31.25,61.48908857509628,20.731448714227433,44.61883408071749,72.68588770864946,54.225352112676056,32.94573643410851,14.141414141414142,5.255408434315567,6.882591093117409,54.61955639268664,22.72727272727272,,
University of South Florida,74.0,92.0,70.39606175878271,85.95956454121304,59.157754010695186,34.375,49.35815147625161,27.632160826746272,62.780269058295985,73.29286798179061,33.098591549295776,51.16279069767441,31.313131313131315,7.04993043595507,18.421052631578945,69.66843113694671,52.272727272727266,45.752756483836095,
University of St. Thomas (MN),77.5,87.0,79.52562094428282,85.35990630340032,44.75091471995498,28.125,42.55455712451862,30.940712027598366,89.237668161435,68.28528072837634,61.267605633802816,50.3875968992248,21.212121212121215,6.706860063615266,17.004048582995946,61.73156236807066,40.9090909090909,15.43778031764758,25.990245601811523
University of Tennessee,71.5,87.25,52.987245468784955,53.15638500086399,28.285955530537592,50.0,38.703465982028256,38.77055291575202,67.48878923766817,93.47496206373293,50.70422535211267,48.29457364341084,40.40404040404041,9.336442349357359,20.040485829959508,66.84636118598382,51.13636363636363,10.253920237142552,
University of Texas at Arlington,50.5,74.0,34.71693891250839,79.35746788779448,27.50190985485105,31.25,17.07317073170733,36.468269883006734,60.089686098654724,74.96206373292867,26.05633802816901,37.209302325581376,27.272727272727273,2.289126334269186,1.0121457489878543,69.66518364563375,54.54545454545454,65.19893806251413,
University of Texas at Austin,85.0,95.75,77.94808682031774,62.85232495150893,45.80890406545973,75.0,50.70603337612324,57.29037120765263,80.26905829596414,90.89529590288313,47.183098591549296,66.66666666666666,86.86868686868688,13.713503456664316,15.789473684210524,65.96629104017146,61.36363636363636,57.69789539079229,
University of Texas at Dallas,70.75,88.5,53.88230029089281,60.103538635250004,41.405653170359045,40.625,10.141206675224652,53.86115886927987,69.73094170403589,83.76327769347495,29.5774647887324,65.89147286821705,41.41414141414142,3.775733558134859,5.263157894736841,67.23930763485208,69.31818181818181,67.9610328600196,
University of Texas at Tyler,43.0,65.25,18.21436562989482,70.83693335637344,3.283610094755616,15.625,52.053915275994875,23.594325396411996,36.547085201793735,79.21092564491653,43.66197183098592,33.333333333333314,13.131313131313131,2.5822931646992515,2.4291497975708496,72.47751112265775,51.13636363636363,38.03542141709297,
University of Toledo,48.25,76.25,15.752964869098228,5.885111950430769,25.447169463396662,21.875,45.05776636713736,28.088168982666986,58.52017937219732,88.01213960546283,36.61971830985915,29.06976744186045,22.222222222222225,4.848463358082026,8.704453441295545,59.25372649628162,27.272727272727266,21.204304872537776,
University of Tulsa,72.0,86.75,45.479973148355334,39.01054086746157,13.733592610597967,31.25,69.12708600770218,29.447153369296494,68.83408071748879,81.18361153262518,75.35211267605634,45.736434108527106,47.474747474747474,11.744938816178482,22.267206477732792,57.863800214334425,63.63636363636363,39.37698352584872,32.558787667653704
University of Vermont,76.0,86.25,71.1344819870217,81.51925834663001,37.43315508021391,43.75,46.85494223363286,33.434900529237254,65.24663677130046,88.61911987860393,47.183098591549296,53.48837209302323,32.323232323232325,13.36722460840117,12.34817813765182,66.28129769752866,40.9090909090909,6.366538104883176,
University of Virginia,94.5,97.0,84.89594987692996,60.554964393877384,35.96960315226568,81.25,56.86777920410782,51.44494415318311,84.75336322869957,98.02731411229135,61.267605633802816,78.29457364341084,89.89898989898991,20.318098704049575,33.19838056680161,74.66956775890624,69.31818181818181,36.55602233829562,
University of Washington,84.0,94.0,69.23249049004252,57.77452505107797,29.622063329928494,68.75,17.65083440308088,44.18227825152487,58.07174887892377,75.41729893778452,40.14084507042253,64.88372093023256,55.55555555555556,23.843490257958884,17.004048582995946,79.13811580554022,70.45454545454545,59.0654874453351,
University of Wisconsin--Madison,87.75,95.0,81.9870217050794,69.2656729632283,45.709192768016294,75.0,43.70988446726574,48.13115948100356,80.26905829596414,92.56449165402125,51.056338028169016,69.76744186046511,50.505050505050505,16.856709563411975,27.125506072874487,62.50771279186828,60.22727272727272,22.5053522948659,
University of Wyoming,58.5,77.75,37.50279704631908,60.96423017107307,19.031141868512123,34.375,50.96277278562258,29.164323741943846,63.90134529147984,99.99999999999997,60.563380281690144,35.65891472868216,22.222222222222225,12.336913642665738,14.777327935222669,70.11333744682233,52.272727272727266,13.023988209056213,
University of the Incarnate Word,52.75,74.5,40.92638174088162,62.3540447801723,62.97064280257558,9.375,77.2785622593068,23.4692404944485,53.139013452914796,57.81487101669196,68.30985915492957,20.930232558139522,17.171717171717173,4.5340912696176465,5.668016194331983,37.6838891955964,37.49999999999999,80.02693223334227,53.004703013412296
University of the Pacific,66.75,84.25,61.06511523830833,96.40652245628917,35.3579695107351,28.125,51.73299101412066,31.755677069737928,66.59192825112108,64.79514415781486,61.267605633802816,46.51162790697674,39.3939393939394,15.913276502361327,8.906882591093117,59.789562562920146,37.49999999999999,76.3748988121024,19.470475526911684
Utah State University,49.5,72.25,28.776012530767495,88.93208916537063,4.329004329004334,31.25,57.4454428754814,25.977421126032702,52.01793721973094,89.37784522003034,44.014084507042256,44.9612403100775,21.212121212121215,7.922109183727607,6.882591093117409,67.00873575163186,56.81818181818181,5.407248812932721,
Valparaiso University,69.75,82.5,44.282837323786076,49.17796045323263,31.299150676313303,31.25,75.09627727856225,15.370290560846925,91.70403587443944,82.85280728376327,71.83098591549296,41.08527131782944,35.35353535353536,6.5638942040207136,21.457489878542507,45.250543954794914,36.36363636363635,17.537402599841442,32.63194565406722
Vanderbilt University,93.0,96.75,70.79883642873122,43.385340891988136,33.08823529411765,81.25,63.67137355584083,60.56722040907675,92.15246636771299,88.92261001517448,82.3943661971831,94.5736434108527,89.89898989898991,62.607872270906945,54.25101214574897,84.55168382424577,85.22727272727272,51.65835951979033,11.43354816234104
Villanova University,90.75,95.75,90.19914969791895,72.86576698606996,45.42381215809209,53.125,52.18228498074455,34.362553070978755,74.43946188340807,71.16843702579666,71.83098591549296,74.41860465116278,71.71717171717172,12.523843340266552,46.761133603238854,56.83434546812587,57.954545454545446,17.37311271102635,6.322940254311092
Virginia Commonwealth University,65.75,83.5,56.030431863951655,79.07327783368402,44.05398523045582,40.625,43.58151476251605,27.320808780658943,41.25560538116592,77.23823975720788,48.59154929577464,37.98449612403098,17.171717171717173,7.948021880778408,7.085020242914979,59.64992043646283,37.49999999999999,51.880803100933484,
Virginia Tech,85.0,93.0,81.76325799955245,73.6478313461206,51.69340463458113,62.5,19.704749679075736,38.40760180471815,76.90582959641257,94.84066767830046,61.267605633802816,55.81395348837208,28.282828282828284,8.59657960573421,27.125506072874487,62.527197739746036,54.54545454545454,28.216741913279833,
Wake Forest University,88.5,94.25,69.41150145446409,49.29724314280557,28.651843512524636,62.5,62.32349165596918,37.71099714761001,84.52914798206275,81.7905918057663,71.83098591549296,72.86821705426357,72.72727272727273,66.80135393011682,40.48582995951416,55.09693761569188,73.86363636363636,21.590464248997407,6.549381640829111
Washington University in St. Louis,94.5,96.25,82.70306556276569,57.2928433057761,31.758157808577977,78.125,79.07573812580232,64.01972169485674,83.85650224215247,81.63884673748103,85.91549295774648,94.5736434108527,85.85858585858587,78.92501126925617,42.510121457489866,81.38537979410904,75.0,45.70842166774124,8.124020205539097
Western Kentucky University,52.75,73.0,22.465876034907133,20.943494038361848,28.006888425632184,18.75,53.72272143774068,18.02187818127787,57.84753363228701,82.39757207890744,43.66197183098592,26.356589147286797,19.191919191919194,1.869228400482025,8.299595141700404,54.06423537817036,39.77272727272726,11.428270691068207,
Western Michigan University,54.5,78.75,34.21347057507271,50.270907540259884,35.03595795685044,25.0,48.71630295250322,26.948975580079683,60.089686098654724,81.48710166919574,47.183098591549296,31.7829457364341,13.131313131313131,4.055688452753897,6.477732793522266,48.975416490760885,23.86363636363636,21.921158411920942,
Western New England University,62.0,77.5,49.31752069814275,68.14140804530999,39.64009846362788,12.5,72.46469833119383,25.74328746821098,77.80269058295964,81.63884673748103,68.30985915492957,40.31007751937983,15.151515151515152,5.948246459888398,5.668016194331983,42.665540869678175,14.772727272727266,14.292980838644624,40.32398536840271
Wichita State University,48.0,72.5,15.752964869098228,29.72755025632165,9.625668449197875,25.0,51.92554557124519,23.216927929619487,34.08071748878923,78.60394537177541,47.183098591549296,36.43410852713177,22.222222222222225,5.7187531329992085,10.12145748987854,58.79258272984119,40.9090909090909,32.152541296677555,
Wilkes University,61.75,76.5,47.63929290669052,58.75312732436268,49.215988398441056,6.25,81.12965340179717,22.58383095334642,84.75336322869957,52.35204855842186,64.7887323943662,34.883720930232556,17.171717171717173,5.897742884131467,24.49392712550607,50.23544312018965,11.36363636363636,16.349894154981442,41.13569064622887
William & Mary,91.0,94.5,82.92682926829266,63.97773119661011,32.995790192285824,68.75,57.18870346598202,38.009704929480705,90.58295964125558,83.00455235204853,68.30985915492957,75.19379844961239,76.76767676767678,10.396987494135221,45.14170040485829,72.64962816224465,68.18181818181819,32.38435484063392,
William Carey University,50.0,80.25,32.53524278362048,73.6478313461206,43.10815235184984,3.125,100.0,15.87566121330726,19.730941704035885,51.28983308042489,66.54929577464789,43.410852713178286,26.262626262626263,1.2972149706956113,4.453441295546558,75.96531679277757,14.772727272727266,29.726768128222915,86.0999825814318
Worcester Polytechnic Institute,88.5,95.25,94.62967106735286,86.82391567306027,39.013125911521655,43.75,75.60975609756099,46.14497317920003,80.26905829596414,86.49468892261001,64.08450704225353,74.41860465116278,55.55555555555556,12.31715847813226,14.979757085020239,51.39479751891664,31.818181818181813,27.321400716960497,13.933112698136199
Yale University,96.75,90.5,71.8729022152607,37.504609514037014,37.43315508021391,96.875,92.55455712451861,78.14886984420991,84.75336322869957,79.36267071320182,96.47887323943662,94.5736434108527,93.93939393939395,100.0,46.153846153846146,84.81148312928264,89.77272727272728,60.19052941053377,6.235847413342611
Yeshiva University,81.25,91.5,56.97023942716489,48.297045101088656,35.67318757192177,37.5,80.1668806161746,51.95271924011181,80.26905829596414,52.04855842185129,85.91549295774648,56.589147286821685,58.58585858585859,13.919782142225706,30.16194331983805,71.70136069886013,64.77272727272727,1.0847090961725598,27.92196481449224
