,rownum,bin,OCCURRED,LAG,DateTime
2095,62257,395.0,01/30/11,0,2011-01-30
2096,62258,529.0,01/30/11,0,2011-01-30
2097,62259,395.0,01/30/11,0,2011-01-30
2098,62260,542.0,01/30/11,0,2011-01-30
2099,62261,542.0,01/30/11,0,2011-01-30
2100,62434,68.0,01/29/11,0,2011-01-29
2101,62435,20.0,01/29/11,0,2011-01-29
2102,62436,67.0,01/29/11,0,2011-01-29
2103,62437,571.0,01/29/11,0,2011-01-29
2104,62438,66.0,01/29/11,0,2011-01-29
2105,62439,557.0,01/29/11,0,2011-01-29
2106,62440,571.0,01/29/11,0,2011-01-29
2107,62441,571.0,01/29/11,0,2011-01-29
2108,62442,44.0,01/29/11,0,2011-01-29
2109,62443,105.0,01/29/11,1,2011-01-29
2110,62650,77.0,01/28/11,0,2011-01-28
2111,62651,558.0,01/28/11,0,2011-01-28
2112,62652,116.0,01/28/11,0,2011-01-28
2113,62653,321.0,01/28/11,0,2011-01-28
2114,62654,321.0,01/28/11,0,2011-01-28
2115,62867,66.0,01/27/11,0,2011-01-27
2116,62868,83.0,01/27/11,0,2011-01-27
2117,62869,559.0,01/27/11,0,2011-01-27
2118,62870,447.0,01/27/11,0,2011-01-27
2119,62871,315.0,01/27/11,0,2011-01-27
2120,62872,132.0,01/27/11,0,2011-01-27
2121,63096,526.0,01/26/11,0,2011-01-26
2122,63097,314.0,01/26/11,0,2011-01-26
2123,63098,175.0,01/26/11,0,2011-01-26
2124,63099,20.0,01/26/11,0,2011-01-26
2125,63100,544.0,01/26/11,0,2011-01-26
2126,63101,314.0,01/26/11,0,2011-01-26
2127,63102,175.0,01/26/11,0,2011-01-26
2128,63103,314.0,01/26/11,0,2011-01-26
2129,63286,79.0,01/25/11,0,2011-01-25
2130,63287,66.0,01/25/11,0,2011-01-25
2131,63288,132.0,01/25/11,0,2011-01-25
2132,63319,338.0,01/25/11,0,2011-01-25
2133,63466,79.0,01/24/11,0,2011-01-24
2134,63470,95.0,01/24/11,0,2011-01-24
2135,63471,66.0,01/24/11,0,2011-01-24
2136,63472,446.0,01/24/11,0,2011-01-24
2137,63474,79.0,01/24/11,0,2011-01-24
2138,63648,314.0,01/23/11,0,2011-01-23
2139,63649,337.0,01/23/11,0,2011-01-23
2140,63650,369.0,01/23/11,0,2011-01-23
2141,63651,292.0,01/23/11,0,2011-01-23
2142,63652,472.0,01/23/11,0,2011-01-23
2143,63653,512.0,01/23/11,0,2011-01-23
2144,63654,472.0,01/23/11,0,2011-01-23
2145,63847,294.0,01/22/11,0,2011-01-22
2146,63848,532.0,01/22/11,0,2011-01-22
2147,63849,513.0,01/22/11,0,2011-01-22
2148,63850,294.0,01/22/11,0,2011-01-22
2149,63851,511.0,01/22/11,0,2011-01-22
2150,63852,469.0,01/22/11,0,2011-01-22
2151,63853,220.0,01/22/11,0,2011-01-22
2152,63854,511.0,01/22/11,0,2011-01-22
2153,63855,56.0,01/22/11,0,2011-01-22
2154,63856,294.0,01/22/11,0,2011-01-22
2155,63857,268.0,01/22/11,0,2011-01-22
2156,63858,513.0,01/22/11,0,2011-01-22
2157,63859,294.0,01/22/11,0,2011-01-22
2158,63860,268.0,01/22/11,0,2011-01-22
2159,64043,491.0,01/21/11,0,2011-01-21
2160,64044,513.0,01/21/11,0,2011-01-21
2161,64045,513.0,01/21/11,0,2011-01-21
2162,64046,486.0,01/21/11,0,2011-01-21
2163,64047,513.0,01/21/11,0,2011-01-21
2164,64048,486.0,01/21/11,0,2011-01-21
2165,64049,339.0,01/21/11,0,2011-01-21
2166,64050,491.0,01/21/11,0,2011-01-21
2167,64051,486.0,01/21/11,0,2011-01-21
2168,64052,488.0,01/21/11,0,2011-01-21
2169,64232,445.0,01/20/11,0,2011-01-20
2170,64233,445.0,01/20/11,0,2011-01-20
2171,64234,572.0,01/20/11,0,2011-01-20
2172,64461,79.0,01/19/11,0,2011-01-19
2173,64462,547.0,01/19/11,0,2011-01-19
2174,64463,467.0,01/19/11,0,2011-01-19
2175,64464,20.0,01/19/11,0,2011-01-19
2176,64465,63.0,01/19/11,0,2011-01-19
2177,64466,511.0,01/19/11,0,2011-01-19
2178,64467,63.0,01/19/11,0,2011-01-19
2179,64468,133.0,01/19/11,0,2011-01-19
2180,64469,20.0,01/19/11,0,2011-01-19
2181,64470,39.0,01/19/11,0,2011-01-19
2182,64471,63.0,01/19/11,0,2011-01-19
2183,64651,198.0,01/18/11,0,2011-01-18
2184,64682,62.0,01/18/11,0,2011-01-18
2185,64683,583.0,01/18/11,0,2011-01-18
2186,64684,29.0,01/18/11,0,2011-01-18
2187,64685,492.0,01/18/11,0,2011-01-18
2188,64816,67.0,01/17/11,0,2011-01-17
2189,64817,79.0,01/17/11,0,2011-01-17
2190,64818,418.0,01/17/11,0,2011-01-17
2191,64819,94.0,01/17/11,0,2011-01-17
2192,64820,67.0,01/17/11,0,2011-01-17
2193,64821,55.0,01/17/11,0,2011-01-17
2194,64822,67.0,01/17/11,0,2011-01-17
2195,64823,108.0,01/17/11,1,2011-01-17
2196,64824,20.0,01/17/11,0,2011-01-17
2197,64825,415.0,01/17/11,0,2011-01-17
2198,64826,20.0,01/17/11,0,2011-01-17
2199,64994,464.0,01/16/11,0,2011-01-16
2200,64995,464.0,01/16/11,0,2011-01-16
2201,64996,464.0,01/16/11,0,2011-01-16
2202,64997,337.0,01/16/11,0,2011-01-16
2203,65164,94.0,01/15/11,0,2011-01-15
2204,65165,219.0,01/15/11,0,2011-01-15
2205,65166,220.0,01/15/11,0,2011-01-15
2206,65167,365.0,01/15/11,0,2011-01-15
2207,65168,219.0,01/15/11,0,2011-01-15
2208,65169,365.0,01/15/11,0,2011-01-15
2209,65170,472.0,01/15/11,0,2011-01-15
2210,65171,365.0,01/15/11,0,2011-01-15
2211,65172,175.0,01/15/11,0,2011-01-15
2212,65173,219.0,01/15/11,0,2011-01-15
2213,65174,269.0,01/15/11,0,2011-01-15
2214,65175,365.0,01/15/11,0,2011-01-15
2215,65176,365.0,01/15/11,0,2011-01-15
2216,65359,269.0,01/14/11,0,2011-01-14
2217,65360,509.0,01/14/11,0,2011-01-14
2218,65361,67.0,01/14/11,0,2011-01-14
2219,65362,314.0,01/14/11,0,2011-01-14
2220,65363,154.0,01/14/11,0,2011-01-14
2221,65364,510.0,01/14/11,0,2011-01-14
2222,65365,64.0,01/14/11,0,2011-01-14
2223,65366,583.0,01/14/11,0,2011-01-14
2224,65367,64.0,01/14/11,0,2011-01-14
2225,65368,269.0,01/14/11,0,2011-01-14
2226,65369,392.0,01/14/11,0,2011-01-14
2227,65370,583.0,01/14/11,0,2011-01-14
2228,65371,154.0,01/14/11,0,2011-01-14
2229,65496,91.0,01/14/11,0,2011-01-14
2230,65497,217.0,01/14/11,0,2011-01-14
2231,65571,67.0,01/13/11,0,2011-01-13
2232,65572,314.0,01/13/11,0,2011-01-13
2233,65573,415.0,01/13/11,0,2011-01-13
2234,65574,21.0,01/13/11,0,2011-01-13
2235,65575,418.0,01/13/11,0,2011-01-13
2236,65576,546.0,01/13/11,0,2011-01-13
2237,65577,67.0,01/13/11,0,2011-01-13
2238,65578,76.0,01/13/11,0,2011-01-13
2239,65682,512.0,01/13/11,0,2011-01-13
2240,65744,51.0,01/12/11,0,2011-01-12
2241,65745,558.0,01/12/11,0,2011-01-12
2242,65746,67.0,01/12/11,0,2011-01-12
2243,65747,67.0,01/12/11,0,2011-01-12
2244,65748,531.0,01/12/11,0,2011-01-12
2245,65749,67.0,01/12/11,0,2011-01-12
2246,65750,531.0,01/12/11,0,2011-01-12
2247,65751,62.0,01/12/11,0,2011-01-12
2248,65752,369.0,01/12/11,0,2011-01-12
2249,65753,67.0,01/12/11,0,2011-01-12
2250,65754,79.0,01/12/11,0,2011-01-12
2251,65755,369.0,01/12/11,0,2011-01-12
2252,65756,79.0,01/12/11,0,2011-01-12
2253,65757,65.0,01/12/11,0,2011-01-12
2254,65758,531.0,01/12/11,0,2011-01-12
2255,65759,132.0,01/12/11,0,2011-01-12
2256,65760,448.0,01/12/11,0,2011-01-12
2257,65761,67.0,01/12/11,0,2011-01-12
2258,65762,79.0,01/12/11,0,2011-01-12
2259,65930,269.0,01/11/11,0,2011-01-11
2260,65931,530.0,01/11/11,0,2011-01-11
2261,65932,510.0,01/11/11,0,2011-01-11
2262,65933,63.0,01/11/11,0,2011-01-11
2263,65956,341.0,01/11/11,0,2011-01-11
2264,66092,371.0,01/10/11,0,2011-01-10
2265,66093,371.0,01/10/11,0,2011-01-10
2266,66157,531.0,01/10/11,0,2011-01-10
2267,66274,512.0,01/09/11,0,2011-01-09
2268,66275,315.0,01/09/11,0,2011-01-09
2269,66276,472.0,01/09/11,0,2011-01-09
2270,66446,66.0,01/08/11,0,2011-01-08
2271,66447,494.0,01/08/11,0,2011-01-08
2272,66448,514.0,01/08/11,0,2011-01-08
2273,66449,494.0,01/08/11,0,2011-01-08
2274,66450,514.0,01/08/11,0,2011-01-08
2275,66659,529.0,01/07/11,0,2011-01-07
2276,66660,223.0,01/07/11,0,2011-01-07
2277,66661,21.0,01/07/11,0,2011-01-07
2278,66662,67.0,01/07/11,0,2011-01-07
2279,66663,68.0,01/07/11,0,2011-01-07
2280,66664,365.0,01/07/11,0,2011-01-07
2281,66665,68.0,01/07/11,0,2011-01-07
2282,66666,223.0,01/07/11,0,2011-01-07
2283,66667,244.0,01/07/11,0,2011-01-07
2284,66668,67.0,01/07/11,0,2011-01-07
2285,66810,42.0,01/07/11,3,2011-01-07
2286,66856,511.0,01/06/11,0,2011-01-06
2287,66857,242.0,01/06/11,0,2011-01-06
2288,66858,314.0,01/06/11,1,2011-01-06
2289,66859,526.0,01/06/11,0,2011-01-06
2290,66860,174.0,01/06/11,0,2011-01-06
2291,66861,66.0,01/06/11,0,2011-01-06
2292,66862,174.0,01/06/11,1,2011-01-06
2293,66863,174.0,01/06/11,0,2011-01-06
2294,66864,526.0,01/06/11,0,2011-01-06
2295,66984,270.0,01/06/11,0,2011-01-06
2296,67044,270.0,01/05/11,0,2011-01-05
2297,67045,531.0,01/05/11,0,2011-01-05
2298,67046,415.0,01/05/11,0,2011-01-05
2299,67047,20.0,01/05/11,0,2011-01-05
2300,67048,293.0,01/05/11,0,2011-01-05
2301,67049,415.0,01/05/11,0,2011-01-05
2302,67050,293.0,01/05/11,0,2011-01-05
2303,67051,452.0,01/05/11,0,2011-01-05
2304,67052,415.0,01/05/11,0,2011-01-05
2305,67053,293.0,01/05/11,0,2011-01-05
2306,67247,419.0,01/04/11,0,2011-01-04
2307,67313,79.0,01/04/11,0,2011-01-04
2308,67314,79.0,01/04/11,0,2011-01-04
2309,67325,541.0,01/03/11,0,2011-01-03
2310,67326,541.0,01/03/11,0,2011-01-03
2311,67431,84.0,01/03/11,0,2011-01-03
2312,67440,80.0,01/03/11,0,2011-01-03
2313,67444,243.0,01/03/11,1,2011-01-03
2314,67445,243.0,01/03/11,1,2011-01-03
2315,67587,418.0,01/02/11,0,2011-01-02
2316,67590,469.0,01/02/11,0,2011-01-02
2317,68069,80.0,12/31/10,0,2010-12-31
2318,68070,199.0,12/31/10,0,2010-12-31
2319,68075,531.0,12/31/10,0,2010-12-31
2320,68076,29.0,12/31/10,0,2010-12-31
2321,68077,29.0,12/31/10,0,2010-12-31
2322,68079,65.0,12/31/10,0,2010-12-31
2323,68126,490.0,12/30/10,0,2010-12-30
2324,68296,533.0,12/29/10,0,2010-12-29
2325,68297,371.0,12/29/10,0,2010-12-29
2326,68298,533.0,12/29/10,0,2010-12-29
2327,68484,469.0,12/28/10,0,2010-12-28
2328,68485,292.0,12/28/10,0,2010-12-28
2329,68486,116.0,12/28/10,0,2010-12-28
2330,68598,110.0,12/28/10,0,2010-12-28
2331,68608,135.0,12/28/10,0,2010-12-28
2332,68651,508.0,12/27/10,0,2010-12-27
2333,68652,337.0,12/27/10,0,2010-12-27
2334,68653,508.0,12/27/10,0,2010-12-27
2335,68832,20.0,12/26/10,0,2010-12-26
2336,68833,528.0,12/26/10,0,2010-12-26
2337,68834,362.0,12/26/10,0,2010-12-26
2338,68835,79.0,12/26/10,0,2010-12-26
2339,68836,338.0,12/26/10,0,2010-12-26
2340,68837,337.0,12/26/10,0,2010-12-26
2341,68838,79.0,12/26/10,0,2010-12-26
2342,68839,366.0,12/26/10,0,2010-12-26
2343,68840,545.0,12/26/10,0,2010-12-26
2344,68841,366.0,12/26/10,0,2010-12-26
2345,68842,176.0,12/26/10,0,2010-12-26
2346,68843,66.0,12/26/10,0,2010-12-26
2347,68844,66.0,12/26/10,0,2010-12-26
2348,68845,366.0,12/26/10,0,2010-12-26
2349,68846,176.0,12/26/10,0,2010-12-26
2350,69059,81.0,12/25/10,0,2010-12-25
2351,69220,418.0,12/24/10,0,2010-12-24
2352,69221,393.0,12/24/10,0,2010-12-24
2353,69222,176.0,12/24/10,0,2010-12-24
2354,69223,418.0,12/24/10,0,2010-12-24
2355,69419,79.0,12/23/10,0,2010-12-23
2356,69420,514.0,12/23/10,0,2010-12-23
2357,69421,315.0,12/23/10,0,2010-12-23
2358,69422,446.0,12/23/10,0,2010-12-23
2359,69813,491.0,12/21/10,0,2010-12-21
2360,69814,369.0,12/21/10,1,2010-12-21
2361,69815,67.0,12/21/10,0,2010-12-21
2362,69816,369.0,12/21/10,1,2010-12-21
2363,69964,492.0,12/20/10,0,2010-12-20
2364,69965,543.0,12/20/10,0,2010-12-20
2365,69966,543.0,12/20/10,0,2010-12-20
2366,69967,492.0,12/20/10,0,2010-12-20
2367,70145,337.0,12/19/10,0,2010-12-19
2368,70146,246.0,12/19/10,0,2010-12-19
2369,70267,66.0,12/19/10,0,2010-12-19
2370,70336,528.0,12/18/10,0,2010-12-18
2371,70344,528.0,12/18/10,0,2010-12-18
2372,70345,418.0,12/18/10,0,2010-12-18
2373,70346,271.0,12/18/10,0,2010-12-18
2374,70347,79.0,12/18/10,0,2010-12-18
2375,70348,513.0,12/18/10,0,2010-12-18
2376,70522,55.0,12/17/10,0,2010-12-17
2377,70523,68.0,12/17/10,0,2010-12-17
2378,70738,245.0,12/16/10,1,2010-12-16
2379,70909,42.0,12/15/10,0,2010-12-15
2380,70910,445.0,12/15/10,0,2010-12-15
2381,70911,245.0,12/15/10,1,2010-12-15
2382,70912,469.0,12/15/10,0,2010-12-15
2383,70913,42.0,12/15/10,0,2010-12-15
2384,71093,568.0,12/14/10,0,2010-12-14
2385,71094,91.0,12/14/10,0,2010-12-14
2386,71114,398.0,12/14/10,0,2010-12-14
2387,71115,398.0,12/14/10,0,2010-12-14
2388,71116,398.0,12/14/10,0,2010-12-14
2389,71248,568.0,12/14/10,0,2010-12-14
2390,71289,76.0,12/13/10,0,2010-12-13
2391,71290,562.0,12/13/10,0,2010-12-13
2392,71291,508.0,12/13/10,0,2010-12-13
2393,71292,562.0,12/13/10,0,2010-12-13
2394,71293,76.0,12/13/10,0,2010-12-13
2395,71514,20.0,12/12/10,0,2010-12-12
2396,71515,291.0,12/12/10,0,2010-12-12
2397,71516,76.0,12/12/10,0,2010-12-12
2398,71517,494.0,12/12/10,0,2010-12-12
2399,71688,64.0,12/11/10,0,2010-12-11
2400,71689,416.0,12/11/10,0,2010-12-11
2401,71862,338.0,12/10/10,0,2010-12-10
2402,71863,135.0,12/10/10,0,2010-12-10
2403,71864,12.0,12/10/10,0,2010-12-10
2404,71865,135.0,12/10/10,0,2010-12-10
2405,72099,495.0,12/09/10,0,2010-12-09
2406,72100,337.0,12/09/10,0,2010-12-09
2407,72101,514.0,12/09/10,0,2010-12-09
2408,72102,495.0,12/09/10,0,2010-12-09
2409,72284,78.0,12/08/10,0,2010-12-08
2410,72285,78.0,12/08/10,0,2010-12-08
2411,72286,89.0,12/08/10,1,2010-12-08
2412,72484,296.0,12/07/10,0,2010-12-07
2413,72485,270.0,12/07/10,0,2010-12-07
2414,72514,494.0,12/07/10,0,2010-12-07
2415,72515,492.0,12/07/10,0,2010-12-07
2416,72516,559.0,12/07/10,0,2010-12-07
2417,72694,421.0,12/06/10,0,2010-12-06
2418,72695,338.0,12/06/10,1,2010-12-06
2419,72696,31.0,12/06/10,0,2010-12-06
2420,72751,41.0,12/06/10,0,2010-12-06
2421,72752,338.0,12/06/10,0,2010-12-06
2422,72753,88.0,12/06/10,1,2010-12-06
2423,72922,81.0,12/05/10,0,2010-12-05
2424,72923,292.0,12/05/10,0,2010-12-05
2425,72924,220.0,12/05/10,1,2010-12-05
2426,72925,244.0,12/05/10,0,2010-12-05
2427,72926,292.0,12/05/10,0,2010-12-05
2428,72927,81.0,12/05/10,0,2010-12-05
2429,72928,292.0,12/05/10,0,2010-12-05
2430,72929,62.0,12/05/10,0,2010-12-05
2431,73003,12.0,12/05/10,0,2010-12-05
2432,73094,76.0,12/04/10,0,2010-12-04
2433,73095,122.0,12/04/10,1,2010-12-04
2434,73096,92.0,12/04/10,0,2010-12-04
2435,73097,122.0,12/04/10,1,2010-12-04
2436,73098,528.0,12/04/10,0,2010-12-04
2437,73099,92.0,12/04/10,0,2010-12-04
2438,73296,419.0,12/03/10,0,2010-12-03
2439,73297,318.0,12/03/10,0,2010-12-03
2440,73298,445.0,12/03/10,0,2010-12-03
2441,73299,56.0,12/03/10,0,2010-12-03
2442,73300,445.0,12/03/10,0,2010-12-03
2443,73301,116.0,12/03/10,0,2010-12-03
2444,73302,66.0,12/03/10,0,2010-12-03
2445,73303,527.0,12/03/10,0,2010-12-03
2446,73304,419.0,12/03/10,0,2010-12-03
2447,73305,320.0,12/03/10,0,2010-12-03
2448,73306,542.0,12/03/10,0,2010-12-03
2449,73307,154.0,12/03/10,0,2010-12-03
2450,73308,293.0,12/03/10,0,2010-12-03
2451,73509,293.0,12/02/10,0,2010-12-02
2452,73510,67.0,12/02/10,0,2010-12-02
2453,73511,293.0,12/02/10,0,2010-12-02
2454,73512,67.0,12/02/10,0,2010-12-02
2455,73513,80.0,12/02/10,0,2010-12-02
2456,73514,293.0,12/02/10,0,2010-12-02
2457,73515,67.0,12/02/10,0,2010-12-02
2458,73683,91.0,12/01/10,0,2010-12-01
2459,73684,572.0,12/01/10,0,2010-12-01
2460,73685,512.0,12/01/10,0,2010-12-01
2461,73686,492.0,12/01/10,0,2010-12-01
2462,73687,572.0,12/01/10,0,2010-12-01
2463,73688,572.0,12/01/10,0,2010-12-01
2464,73689,529.0,12/01/10,0,2010-12-01
2465,73690,91.0,12/01/10,0,2010-12-01
2466,73691,64.0,12/01/10,0,2010-12-01
2467,73692,526.0,12/01/10,0,2010-12-01
2468,73796,491.0,12/01/10,0,2010-12-01
2469,73797,547.0,12/01/10,0,2010-12-01
2470,73798,338.0,12/01/10,0,2010-12-01
2471,73799,418.0,12/01/10,0,2010-12-01
2472,73897,527.0,11/30/10,0,2010-11-30
2473,73898,424.0,11/30/10,0,2010-11-30
2474,73899,271.0,11/30/10,0,2010-11-30
2475,73900,198.0,11/30/10,0,2010-11-30
2476,73901,424.0,11/30/10,0,2010-11-30
2477,73902,424.0,11/30/10,0,2010-11-30
2478,74066,39.0,11/29/10,0,2010-11-29
2479,74067,65.0,11/29/10,0,2010-11-29
2480,74068,150.0,11/29/10,0,2010-11-29
2481,74079,419.0,11/29/10,0,2010-11-29
2482,74080,583.0,11/29/10,0,2010-11-29
2483,74081,419.0,11/29/10,0,2010-11-29
2484,74216,315.0,11/28/10,0,2010-11-28
2485,74217,66.0,11/28/10,0,2010-11-28
2486,74218,315.0,11/28/10,0,2010-11-28
2487,74219,528.0,11/28/10,0,2010-11-28
2488,74265,78.0,11/28/10,0,2010-11-28
2489,74266,55.0,11/28/10,0,2010-11-28
2490,74389,392.0,11/27/10,0,2010-11-27
2491,74390,494.0,11/27/10,0,2010-11-27
2492,74391,494.0,11/27/10,0,2010-11-27
2493,74554,577.0,11/26/10,0,2010-11-26
2494,74555,90.0,11/26/10,0,2010-11-26
2495,74556,174.0,11/26/10,0,2010-11-26
2496,74557,244.0,11/26/10,0,2010-11-26
2497,74558,577.0,11/26/10,0,2010-11-26
2498,74559,270.0,11/26/10,0,2010-11-26
2499,74695,338.0,11/25/10,0,2010-11-25
2500,74696,395.0,11/25/10,0,2010-11-25
2501,74697,77.0,11/25/10,0,2010-11-25
2502,74698,113.0,11/25/10,0,2010-11-25
2503,74699,395.0,11/25/10,0,2010-11-25
2504,74850,67.0,11/24/10,0,2010-11-24
2505,74851,79.0,11/24/10,0,2010-11-24
2506,74852,81.0,11/24/10,0,2010-11-24
2507,74853,422.0,11/24/10,0,2010-11-24
2508,74854,341.0,11/24/10,0,2010-11-24
2509,74855,270.0,11/24/10,0,2010-11-24
2510,74856,20.0,11/24/10,0,2010-11-24
2511,74857,76.0,11/24/10,0,2010-11-24
2512,75021,472.0,11/23/10,0,2010-11-23
2513,75022,22.0,11/23/10,0,2010-11-23
2514,75023,220.0,11/23/10,0,2010-11-23
2515,75024,472.0,11/23/10,0,2010-11-23
2516,75025,113.0,11/23/10,0,2010-11-23
2517,75105,80.0,11/23/10,0,2010-11-23
2518,75198,449.0,11/22/10,0,2010-11-22
2519,75199,449.0,11/22/10,0,2010-11-22
2520,75200,449.0,11/22/10,0,2010-11-22
2521,75229,525.0,11/22/10,0,2010-11-22
2522,75230,525.0,11/22/10,0,2010-11-22
2523,75231,525.0,11/22/10,0,2010-11-22
2524,75232,525.0,11/22/10,0,2010-11-22
2525,75403,202.0,11/21/10,0,2010-11-21
2526,75404,67.0,11/21/10,0,2010-11-21
2527,75405,108.0,11/21/10,0,2010-11-21
2528,75406,644.0,11/21/10,0,2010-11-21
2529,75407,108.0,11/21/10,0,2010-11-21
2530,75408,108.0,11/21/10,0,2010-11-21
2531,75409,81.0,11/21/10,0,2010-11-21
2532,75583,106.0,11/20/10,0,2010-11-20
2533,75584,492.0,11/20/10,0,2010-11-20
2534,75585,106.0,11/20/10,0,2010-11-20
2535,75586,151.0,11/20/10,0,2010-11-20
2536,75587,559.0,11/20/10,0,2010-11-20
2537,75588,424.0,11/20/10,0,2010-11-20
2538,75589,198.0,11/20/10,0,2010-11-20
2539,75590,223.0,11/20/10,0,2010-11-20
2540,75591,151.0,11/20/10,0,2010-11-20
2541,75673,492.0,11/20/10,0,2010-11-20
2542,75753,512.0,11/19/10,0,2010-11-19
2543,75952,246.0,11/18/10,0,2010-11-18
2544,75953,245.0,11/18/10,0,2010-11-18
2545,75954,469.0,11/18/10,0,2010-11-18
2546,75955,248.0,11/18/10,0,2010-11-18
2547,75956,469.0,11/18/10,0,2010-11-18
2548,75957,246.0,11/18/10,0,2010-11-18
2549,75958,416.0,11/18/10,0,2010-11-18
2550,75959,245.0,11/18/10,0,2010-11-18
2551,76148,441.0,11/18/10,0,2010-11-18
2552,76173,55.0,11/17/10,0,2010-11-17
2553,76174,66.0,11/17/10,0,2010-11-17
2554,76175,174.0,11/17/10,0,2010-11-17
2555,76176,512.0,11/17/10,0,2010-11-17
2556,76177,67.0,11/17/10,0,2010-11-17
2557,76178,66.0,11/17/10,0,2010-11-17
2558,76179,67.0,11/17/10,0,2010-11-17
2559,76180,512.0,11/17/10,0,2010-11-17
2560,76181,65.0,11/17/10,0,2010-11-17
2561,76182,80.0,11/17/10,0,2010-11-17
2562,76183,77.0,11/17/10,0,2010-11-17
2563,76185,55.0,11/17/10,0,2010-11-17
2564,76394,65.0,11/16/10,0,2010-11-16
2565,76399,67.0,11/16/10,0,2010-11-16
2566,76400,66.0,11/16/10,0,2010-11-16
2567,76401,65.0,11/16/10,0,2010-11-16
2568,76402,12.0,11/16/10,0,2010-11-16
2569,76403,58.0,11/16/10,0,2010-11-16
2570,76404,65.0,11/16/10,0,2010-11-16
2571,76607,29.0,11/15/10,0,2010-11-15
2572,76608,547.0,11/15/10,0,2010-11-15
2573,76609,337.0,11/15/10,0,2010-11-15
2574,76610,337.0,11/15/10,0,2010-11-15
2575,76611,452.0,11/15/10,0,2010-11-15
2576,76612,29.0,11/15/10,0,2010-11-15
2577,76821,472.0,11/14/10,0,2010-11-14
2578,76822,469.0,11/14/10,0,2010-11-14
2579,76823,529.0,11/14/10,0,2010-11-14
2580,76824,469.0,11/14/10,0,2010-11-14
2581,76986,29.0,11/14/10,0,2010-11-14
2582,77021,76.0,11/13/10,0,2010-11-13
2583,77209,445.0,11/13/10,0,2010-11-13
2584,77210,445.0,11/13/10,0,2010-11-13
2585,77400,418.0,11/12/10,0,2010-11-12
2586,77424,513.0,11/12/10,0,2010-11-12
2587,77436,78.0,11/12/10,0,2010-11-12
2588,77803,424.0,11/10/10,0,2010-11-10
2589,77804,424.0,11/10/10,0,2010-11-10
2590,77843,40.0,11/09/10,0,2010-11-09
2591,78006,243.0,11/09/10,0,2010-11-09
2592,78025,472.0,11/09/10,0,2010-11-09
2593,78030,53.0,11/09/10,0,2010-11-09
2594,78031,53.0,11/09/10,0,2010-11-09
2595,78056,397.0,11/08/10,0,2010-11-08
2596,78254,20.0,11/07/10,0,2010-11-07
2597,78255,363.0,11/07/10,0,2010-11-07
2598,78256,66.0,11/07/10,0,2010-11-07
2599,78257,122.0,11/07/10,0,2010-11-07
2600,78422,509.0,11/06/10,0,2010-11-06
2601,78423,66.0,11/06/10,0,2010-11-06
2602,78424,321.0,11/06/10,0,2010-11-06
2603,78425,79.0,11/06/10,0,2010-11-06
2604,78612,12.0,11/05/10,0,2010-11-05
2605,78613,67.0,11/05/10,0,2010-11-05
2606,78614,64.0,11/05/10,0,2010-11-05
2607,78808,122.0,11/05/10,55,2010-11-05
2608,78817,68.0,11/04/10,0,2010-11-04
2609,78818,218.0,11/04/10,0,2010-11-04
2610,79008,55.0,11/03/10,0,2010-11-03
2611,79009,392.0,11/03/10,0,2010-11-03
2612,79010,514.0,11/03/10,0,2010-11-03
2613,79011,247.0,11/03/10,0,2010-11-03
2614,79012,29.0,11/03/10,0,2010-11-03
2615,79013,514.0,11/03/10,0,2010-11-03
2616,79014,113.0,11/03/10,0,2010-11-03
2617,79185,68.0,11/02/10,0,2010-11-02
2618,79186,571.0,11/02/10,0,2010-11-02
2619,79187,424.0,11/02/10,0,2010-11-02
2620,79188,47.0,11/02/10,0,2010-11-02
2621,79189,571.0,11/02/10,0,2010-11-02
2622,79190,68.0,11/02/10,0,2010-11-02
2623,79191,424.0,11/02/10,0,2010-11-02
2624,79331,583.0,11/02/10,0,2010-11-02
2625,79332,583.0,11/02/10,0,2010-11-02
2626,79387,55.0,11/01/10,0,2010-11-01
2627,79615,198.0,10/31/10,0,2010-10-31
2628,79816,419.0,10/30/10,0,2010-10-30
2629,79817,78.0,10/30/10,0,2010-10-30
2630,79818,448.0,10/30/10,0,2010-10-30
2631,79819,528.0,10/30/10,0,2010-10-30
2632,79820,219.0,10/30/10,0,2010-10-30
2633,79821,40.0,10/30/10,0,2010-10-30
2634,79822,90.0,10/30/10,0,2010-10-30
2635,80023,132.0,10/29/10,0,2010-10-29
2636,80024,268.0,10/29/10,0,2010-10-29
2637,80203,65.0,10/28/10,0,2010-10-28
2638,80204,270.0,10/28/10,0,2010-10-28
2639,80205,174.0,10/28/10,0,2010-10-28
2640,80389,66.0,10/27/10,0,2010-10-27
2641,80390,244.0,10/27/10,1,2010-10-27
2642,80515,220.0,10/27/10,0,2010-10-27
2643,80516,161.0,10/27/10,11,2010-10-27
2644,80517,161.0,10/27/10,11,2010-10-27
2645,80607,125.0,10/26/10,1,2010-10-26
2646,80608,295.0,10/26/10,0,2010-10-26
2647,80609,295.0,10/26/10,0,2010-10-26
2648,80778,55.0,10/25/10,0,2010-10-25
2649,80779,55.0,10/25/10,0,2010-10-25
2650,80780,365.0,10/25/10,0,2010-10-25
2651,80826,78.0,10/25/10,0,2010-10-25
2652,80827,67.0,10/25/10,0,2010-10-25
2653,80828,78.0,10/25/10,0,2010-10-25
2654,80916,62.0,10/25/10,31,2010-10-25
2655,80917,62.0,10/25/10,31,2010-10-25
2656,80961,65.0,10/25/10,0,2010-10-25
2657,81039,67.0,10/24/10,1,2010-10-24
2658,81134,218.0,10/23/10,0,2010-10-23
2659,81135,389.0,10/23/10,0,2010-10-23
2660,81136,62.0,10/23/10,0,2010-10-23
2661,81137,221.0,10/23/10,0,2010-10-23
2662,81328,12.0,10/22/10,0,2010-10-22
2663,81329,421.0,10/22/10,0,2010-10-22
2664,81404,326.0,10/22/10,8,2010-10-22
2665,81443,220.0,10/22/10,0,2010-10-22
2666,81444,220.0,10/22/10,0,2010-10-22
2667,81496,174.0,10/21/10,0,2010-10-21
2668,81497,174.0,10/21/10,0,2010-10-21
2669,81498,508.0,10/21/10,0,2010-10-21
2670,81499,559.0,10/21/10,0,2010-10-21
2671,81500,76.0,10/21/10,0,2010-10-21
2672,81501,121.0,10/21/10,0,2010-10-21
2673,81502,421.0,10/21/10,0,2010-10-21
2674,81503,174.0,10/21/10,0,2010-10-21
2675,81609,568.0,10/21/10,0,2010-10-21
2676,81610,568.0,10/21/10,0,2010-10-21
2677,81677,512.0,10/20/10,0,2010-10-20
2678,81678,68.0,10/20/10,0,2010-10-20
2679,81679,392.0,10/20/10,0,2010-10-20
2680,81680,174.0,10/20/10,0,2010-10-20
2681,81681,108.0,10/20/10,0,2010-10-20
2682,81846,218.0,10/20/10,0,2010-10-20
2683,81847,218.0,10/20/10,0,2010-10-20
2684,81869,294.0,10/19/10,0,2010-10-19
2685,81896,297.0,10/19/10,0,2010-10-19
2686,81897,297.0,10/19/10,0,2010-10-19
2687,82037,63.0,10/19/10,0,2010-10-19
2688,82075,67.0,10/18/10,0,2010-10-18
2689,82076,419.0,10/18/10,0,2010-10-18
2690,82077,12.0,10/18/10,0,2010-10-18
2691,82078,12.0,10/18/10,0,2010-10-18
2692,82263,399.0,10/17/10,0,2010-10-17
2693,82264,511.0,10/17/10,0,2010-10-17
2694,82265,399.0,10/17/10,0,2010-10-17
2695,82266,174.0,10/17/10,0,2010-10-17
2696,82371,337.0,10/17/10,0,2010-10-17
2697,82457,491.0,10/16/10,0,2010-10-16
2698,82458,529.0,10/16/10,0,2010-10-16
2699,82459,547.0,10/16/10,0,2010-10-16
2700,82460,39.0,10/16/10,0,2010-10-16
2701,82461,491.0,10/16/10,0,2010-10-16
2702,82462,445.0,10/16/10,0,2010-10-16
2703,82463,39.0,10/16/10,0,2010-10-16
2704,82657,510.0,10/15/10,0,2010-10-15
2705,82658,511.0,10/15/10,0,2010-10-15
2706,82659,242.0,10/15/10,0,2010-10-15
2707,82660,198.0,10/15/10,0,2010-10-15
2708,82661,445.0,10/15/10,0,2010-10-15
2709,82662,242.0,10/15/10,0,2010-10-15
2710,82799,507.0,10/15/10,0,2010-10-15
2711,82896,445.0,10/14/10,0,2010-10-14
2712,82897,97.0,10/14/10,0,2010-10-14
2713,82898,66.0,10/14/10,0,2010-10-14
2714,82899,514.0,10/14/10,0,2010-10-14
2715,82900,78.0,10/14/10,0,2010-10-14
2716,82901,514.0,10/14/10,0,2010-10-14
2717,83083,220.0,10/13/10,0,2010-10-13
2718,83084,466.0,10/13/10,0,2010-10-13
2719,83085,472.0,10/13/10,0,2010-10-13
2720,83086,92.0,10/13/10,0,2010-10-13
2721,83087,271.0,10/13/10,0,2010-10-13
2722,83491,513.0,10/11/10,0,2010-10-11
2723,83558,528.0,10/11/10,0,2010-10-11
2724,83559,531.0,10/11/10,0,2010-10-11
2725,83560,531.0,10/11/10,0,2010-10-11
2726,83701,105.0,10/11/10,281,2010-10-11
2727,83705,513.0,10/10/10,0,2010-10-10
2728,83706,469.0,10/10/10,0,2010-10-10
2729,83707,65.0,10/10/10,1,2010-10-10
2730,83708,13.0,10/10/10,0,2010-10-10
2731,83709,583.0,10/10/10,0,2010-10-10
2732,83710,13.0,10/10/10,0,2010-10-10
2733,83711,366.0,10/10/10,0,2010-10-10
2734,83712,469.0,10/10/10,0,2010-10-10
2735,83906,149.0,10/09/10,0,2010-10-09
2736,84080,65.0,10/08/10,0,2010-10-08
2737,84081,65.0,10/08/10,0,2010-10-08
2738,84082,315.0,10/08/10,0,2010-10-08
2739,84083,57.0,10/08/10,0,2010-10-08
2740,84084,66.0,10/08/10,0,2010-10-08
2741,84085,65.0,10/08/10,0,2010-10-08
2742,84086,532.0,10/08/10,0,2010-10-08
2743,84280,270.0,10/07/10,0,2010-10-07
2744,84281,78.0,10/07/10,0,2010-10-07
2745,84282,572.0,10/07/10,0,2010-10-07
2746,84283,65.0,10/07/10,0,2010-10-07
2747,84284,12.0,10/07/10,0,2010-10-07
2748,84285,341.0,10/07/10,0,2010-10-07
2749,84286,294.0,10/07/10,0,2010-10-07
2750,84287,270.0,10/07/10,0,2010-10-07
2751,84288,416.0,10/07/10,0,2010-10-07
2752,84289,572.0,10/07/10,0,2010-10-07
2753,84290,341.0,10/07/10,0,2010-10-07
2754,84291,270.0,10/07/10,0,2010-10-07
2755,84477,67.0,10/06/10,0,2010-10-06
2756,84478,243.0,10/06/10,0,2010-10-06
2757,84479,40.0,10/06/10,0,2010-10-06
2758,84480,68.0,10/06/10,0,2010-10-06
2759,84481,445.0,10/06/10,0,2010-10-06
2760,84482,315.0,10/06/10,0,2010-10-06
2761,84483,92.0,10/06/10,0,2010-10-06
2762,84484,545.0,10/06/10,0,2010-10-06
2763,84485,418.0,10/06/10,1,2010-10-06
2764,84486,67.0,10/06/10,0,2010-10-06
2765,84487,243.0,10/06/10,0,2010-10-06
2766,84488,68.0,10/06/10,0,2010-10-06
2767,84489,78.0,10/06/10,0,2010-10-06
2768,84490,40.0,10/06/10,0,2010-10-06
2769,84491,418.0,10/06/10,1,2010-10-06
2770,84660,149.0,10/05/10,0,2010-10-05
2771,84661,70.0,10/05/10,0,2010-10-05
2772,84662,58.0,10/05/10,1,2010-10-05
2773,84663,584.0,10/05/10,0,2010-10-05
2774,84664,149.0,10/05/10,0,2010-10-05
2775,84665,65.0,10/05/10,0,2010-10-05
2776,84666,65.0,10/05/10,0,2010-10-05
2777,84870,65.0,10/04/10,0,2010-10-04
2778,84871,530.0,10/04/10,1,2010-10-04
2779,84872,370.0,10/04/10,0,2010-10-04
2780,84873,96.0,10/04/10,0,2010-10-04
2781,84874,175.0,10/04/10,0,2010-10-04
2782,84875,366.0,10/04/10,0,2010-10-04
2783,84876,370.0,10/04/10,0,2010-10-04
2784,84877,530.0,10/04/10,1,2010-10-04
2785,84878,150.0,10/04/10,0,2010-10-04
2786,85046,561.0,10/03/10,0,2010-10-03
2787,85047,396.0,10/03/10,1,2010-10-03
2788,85048,66.0,10/03/10,0,2010-10-03
2789,85049,572.0,10/03/10,0,2010-10-03
2790,85050,396.0,10/03/10,1,2010-10-03
2791,85051,66.0,10/03/10,0,2010-10-03
2792,85052,12.0,10/03/10,0,2010-10-03
2793,85053,396.0,10/03/10,1,2010-10-03
2794,85054,541.0,10/03/10,0,2010-10-03
2795,85055,561.0,10/03/10,0,2010-10-03
2796,85056,12.0,10/03/10,0,2010-10-03
2797,85057,572.0,10/03/10,0,2010-10-03
2798,85235,150.0,10/02/10,0,2010-10-02
2799,85236,469.0,10/02/10,0,2010-10-02
2800,85237,528.0,10/02/10,0,2010-10-02
2801,85238,469.0,10/02/10,0,2010-10-02
2802,85239,271.0,10/02/10,0,2010-10-02
2803,85435,290.0,10/01/10,0,2010-10-01
2804,85436,291.0,10/01/10,0,2010-10-01
2805,85437,568.0,10/01/10,4,2010-10-01
2806,85438,90.0,10/01/10,0,2010-10-01
2807,85648,66.0,09/30/10,0,2010-09-30
2808,85649,296.0,09/30/10,0,2010-09-30
2809,85650,138.0,09/30/10,0,2010-09-30
2810,85651,78.0,09/30/10,0,2010-09-30
2811,85652,296.0,09/30/10,0,2010-09-30
2812,85804,79.0,09/29/10,0,2010-09-29
2813,85805,79.0,09/29/10,0,2010-09-29
2814,85994,371.0,09/28/10,0,2010-09-28
2815,85995,465.0,09/28/10,0,2010-09-28
2816,85996,371.0,09/28/10,0,2010-09-28
2817,85997,198.0,09/28/10,0,2010-09-28
2818,85998,120.0,09/28/10,0,2010-09-28
2819,86201,108.0,09/27/10,0,2010-09-27
2820,86202,108.0,09/27/10,0,2010-09-27
2821,86203,108.0,09/27/10,0,2010-09-27
2822,86204,528.0,09/27/10,0,2010-09-27
2823,86205,108.0,09/27/10,0,2010-09-27
2824,86361,51.0,09/26/10,0,2010-09-26
2825,86362,20.0,09/26/10,0,2010-09-26
2826,86363,202.0,09/26/10,0,2010-09-26
2827,86364,528.0,09/26/10,0,2010-09-26
2828,86451,63.0,09/26/10,0,2010-09-26
2829,86528,557.0,09/25/10,0,2010-09-25
2830,86529,337.0,09/25/10,0,2010-09-25
2831,86530,91.0,09/25/10,0,2010-09-25
2832,86531,66.0,09/25/10,0,2010-09-25
2833,86532,369.0,09/25/10,0,2010-09-25
2834,86533,315.0,09/25/10,0,2010-09-25
2835,86534,557.0,09/25/10,0,2010-09-25
2836,86752,78.0,09/24/10,0,2010-09-24
2837,86753,387.0,09/24/10,0,2010-09-24
2838,86754,387.0,09/24/10,0,2010-09-24
2839,86755,526.0,09/24/10,0,2010-09-24
2840,86756,318.0,09/24/10,0,2010-09-24
2841,86757,133.0,09/24/10,0,2010-09-24
2842,86758,318.0,09/24/10,0,2010-09-24
2843,86965,568.0,09/23/10,0,2010-09-23
2844,86966,571.0,09/23/10,0,2010-09-23
2845,86967,495.0,09/23/10,0,2010-09-23
2846,86968,418.0,09/23/10,0,2010-09-23
2847,87196,420.0,09/22/10,0,2010-09-22
2848,87197,577.0,09/22/10,0,2010-09-22
2849,87198,577.0,09/22/10,0,2010-09-22
2850,87199,391.0,09/22/10,0,2010-09-22
2851,87392,559.0,09/21/10,0,2010-09-21
2852,87393,559.0,09/21/10,0,2010-09-21
2853,87394,64.0,09/21/10,0,2010-09-21
2854,87598,81.0,09/20/10,0,2010-09-20
2855,87599,510.0,09/20/10,0,2010-09-20
2856,87600,561.0,09/20/10,0,2010-09-20
2857,87601,51.0,09/20/10,0,2010-09-20
2858,87602,561.0,09/20/10,0,2010-09-20
2859,87603,561.0,09/20/10,0,2010-09-20
2860,87604,109.0,09/20/10,0,2010-09-20
2861,87605,561.0,09/20/10,0,2010-09-20
2862,87606,561.0,09/20/10,0,2010-09-20
2863,87770,47.0,09/19/10,0,2010-09-19
2864,87771,339.0,09/19/10,0,2010-09-19
2865,87772,20.0,09/19/10,0,2010-09-19
2866,87773,528.0,09/19/10,0,2010-09-19
2867,87774,55.0,09/19/10,0,2010-09-19
2868,87985,43.0,09/18/10,0,2010-09-18
2869,87986,82.0,09/18/10,0,2010-09-18
2870,88254,546.0,09/17/10,0,2010-09-17
2871,88255,243.0,09/17/10,0,2010-09-17
2872,88256,315.0,09/17/10,0,2010-09-17
2873,88257,131.0,09/17/10,1,2010-09-17
2874,88258,419.0,09/17/10,0,2010-09-17
2875,88454,572.0,09/16/10,0,2010-09-16
2876,88455,494.0,09/16/10,0,2010-09-16
2877,88456,78.0,09/16/10,0,2010-09-16
2878,88457,420.0,09/16/10,0,2010-09-16
2879,88458,510.0,09/16/10,0,2010-09-16
2880,88459,397.0,09/16/10,0,2010-09-16
2881,88460,420.0,09/16/10,0,2010-09-16
2882,88461,510.0,09/16/10,0,2010-09-16
2883,88462,294.0,09/16/10,0,2010-09-16
2884,88649,65.0,09/15/10,0,2010-09-15
2885,88650,40.0,09/15/10,0,2010-09-15
2886,88651,110.0,09/15/10,0,2010-09-15
2887,88652,59.0,09/15/10,0,2010-09-15
2888,88653,64.0,09/15/10,1,2010-09-15
2889,88846,77.0,09/14/10,0,2010-09-14
2890,88866,67.0,09/14/10,0,2010-09-14
2891,88867,392.0,09/14/10,0,2010-09-14
2892,88868,67.0,09/14/10,0,2010-09-14
2893,89059,66.0,09/13/10,0,2010-09-13
2894,89060,446.0,09/13/10,0,2010-09-13
2895,89061,515.0,09/13/10,0,2010-09-13
2896,89062,66.0,09/13/10,0,2010-09-13
2897,89063,365.0,09/13/10,1,2010-09-13
2898,89195,446.0,09/13/10,0,2010-09-13
2899,89251,528.0,09/12/10,0,2010-09-12
2900,89252,528.0,09/12/10,0,2010-09-12
2901,89425,68.0,09/11/10,0,2010-09-11
2902,89426,398.0,09/11/10,0,2010-09-11
2903,89427,364.0,09/11/10,0,2010-09-11
2904,89428,571.0,09/11/10,0,2010-09-11
2905,89429,510.0,09/11/10,0,2010-09-11
2906,89596,337.0,09/10/10,0,2010-09-10
2907,89597,527.0,09/10/10,0,2010-09-10
2908,89598,67.0,09/10/10,0,2010-09-10
2909,89599,337.0,09/10/10,0,2010-09-10
2910,89600,337.0,09/10/10,0,2010-09-10
2911,89601,529.0,09/10/10,0,2010-09-10
2912,89602,526.0,09/10/10,0,2010-09-10
2913,89603,54.0,09/10/10,0,2010-09-10
2914,89604,512.0,09/10/10,0,2010-09-10
2915,89729,269.0,09/10/10,24,2010-09-10
2916,89784,81.0,09/09/10,0,2010-09-09
2917,89785,68.0,09/09/10,0,2010-09-09
2918,89786,488.0,09/09/10,0,2010-09-09
2919,89787,488.0,09/09/10,0,2010-09-09
2920,89788,152.0,09/09/10,0,2010-09-09
2921,89789,81.0,09/09/10,0,2010-09-09
2922,89790,267.0,09/09/10,0,2010-09-09
2923,89791,511.0,09/09/10,0,2010-09-09
2924,89792,469.0,09/09/10,0,2010-09-09
2925,89793,469.0,09/09/10,0,2010-09-09
2926,89928,225.0,09/09/10,0,2010-09-09
2927,89939,469.0,09/08/10,0,2010-09-08
2928,89940,67.0,09/08/10,0,2010-09-08
2929,89941,63.0,09/08/10,0,2010-09-08
2930,89942,116.0,09/08/10,0,2010-09-08
2931,89943,419.0,09/08/10,0,2010-09-08
2932,89944,509.0,09/08/10,0,2010-09-08
2933,89945,568.0,09/08/10,1,2010-09-08
2934,89946,469.0,09/08/10,0,2010-09-08
2935,89947,245.0,09/08/10,0,2010-09-08
2936,89948,67.0,09/08/10,0,2010-09-08
2937,89949,198.0,09/08/10,0,2010-09-08
2938,89950,63.0,09/08/10,0,2010-09-08
2939,89951,421.0,09/08/10,0,2010-09-08
2940,89952,245.0,09/08/10,0,2010-09-08
2941,89953,198.0,09/08/10,0,2010-09-08
2942,90120,98.0,09/08/10,1,2010-09-08
2943,90122,98.0,09/08/10,1,2010-09-08
2944,90134,469.0,09/07/10,0,2010-09-07
2945,90135,572.0,09/07/10,1,2010-09-07
2946,90136,78.0,09/07/10,0,2010-09-07
2947,90137,271.0,09/07/10,0,2010-09-07
2948,90138,512.0,09/07/10,0,2010-09-07
2949,90139,106.0,09/07/10,0,2010-09-07
2950,90140,132.0,09/07/10,0,2010-09-07
2951,90231,318.0,09/07/10,0,2010-09-07
2952,90312,68.0,09/06/10,0,2010-09-06
2953,90313,446.0,09/06/10,0,2010-09-06
2954,90314,64.0,09/06/10,0,2010-09-06
2955,90330,446.0,09/06/10,0,2010-09-06
2956,90331,446.0,09/06/10,0,2010-09-06
2957,90503,464.0,09/05/10,0,2010-09-05
2958,90504,30.0,09/05/10,0,2010-09-05
2959,90505,418.0,09/05/10,0,2010-09-05
2960,90506,246.0,09/05/10,0,2010-09-05
2961,90507,80.0,09/05/10,0,2010-09-05
2962,90508,418.0,09/05/10,0,2010-09-05
2963,90509,464.0,09/05/10,0,2010-09-05
2964,90510,66.0,09/05/10,0,2010-09-05
2965,90511,97.0,09/05/10,0,2010-09-05
2966,90512,89.0,09/05/10,0,2010-09-05
2967,90513,97.0,09/05/10,0,2010-09-05
2968,90710,470.0,09/04/10,0,2010-09-04
2969,90711,445.0,09/04/10,0,2010-09-04
2970,90712,363.0,09/04/10,1,2010-09-04
2971,90713,363.0,09/04/10,0,2010-09-04
2972,90714,445.0,09/04/10,0,2010-09-04
2973,90715,363.0,09/04/10,1,2010-09-04
2974,90716,66.0,09/04/10,0,2010-09-04
2975,90717,445.0,09/04/10,0,2010-09-04
2976,90793,12.0,09/04/10,0,2010-09-04
2977,90918,338.0,09/03/10,0,2010-09-03
2978,90919,557.0,09/03/10,0,2010-09-03
2979,90920,557.0,09/03/10,0,2010-09-03
2980,90921,131.0,09/03/10,0,2010-09-03
2981,90922,338.0,09/03/10,0,2010-09-03
2982,90923,63.0,09/03/10,0,2010-09-03
2983,91135,79.0,09/02/10,0,2010-09-02
2984,91136,79.0,09/02/10,0,2010-09-02
2985,91137,78.0,09/02/10,0,2010-09-02
2986,91138,472.0,09/02/10,0,2010-09-02
2987,91218,542.0,09/02/10,1,2010-09-02
2988,91297,557.0,09/02/10,0,2010-09-02
2989,91338,514.0,09/01/10,0,2010-09-01
2990,91339,64.0,09/01/10,0,2010-09-01
2991,91340,196.0,09/01/10,0,2010-09-01
2992,91341,220.0,09/01/10,0,2010-09-01
2993,91342,318.0,09/01/10,0,2010-09-01
2994,91343,465.0,09/01/10,1,2010-09-01
2995,91344,196.0,09/01/10,0,2010-09-01
2996,91345,64.0,09/01/10,0,2010-09-01
2997,91346,318.0,09/01/10,0,2010-09-01
2998,91457,391.0,09/01/10,0,2010-09-01
2999,91594,67.0,08/31/10,0,2010-08-31
3000,91595,176.0,08/31/10,0,2010-08-31
3001,91734,93.0,08/30/10,0,2010-08-30
3002,91735,42.0,08/30/10,0,2010-08-30
3003,91736,174.0,08/30/10,0,2010-08-30
3004,91737,201.0,08/30/10,0,2010-08-30
3005,91738,527.0,08/30/10,0,2010-08-30
3006,91739,78.0,08/30/10,0,2010-08-30
3007,91740,93.0,08/30/10,0,2010-08-30
3008,91741,297.0,08/30/10,0,2010-08-30
3009,91818,200.0,08/30/10,0,2010-08-30
3010,91819,200.0,08/30/10,0,2010-08-30
3011,91956,584.0,08/29/10,0,2010-08-29
3012,91957,493.0,08/29/10,0,2010-08-29
3013,91958,297.0,08/29/10,0,2010-08-29
3014,91959,573.0,08/29/10,0,2010-08-29
3015,91960,573.0,08/29/10,0,2010-08-29
3016,91961,108.0,08/29/10,0,2010-08-29
3017,91962,512.0,08/29/10,0,2010-08-29
3018,92169,472.0,08/28/10,0,2010-08-28
3019,92170,316.0,08/28/10,0,2010-08-28
3020,92171,218.0,08/28/10,0,2010-08-28
3021,92172,97.0,08/28/10,0,2010-08-28
3022,92173,97.0,08/28/10,0,2010-08-28
3023,92174,218.0,08/28/10,0,2010-08-28
3024,92340,445.0,08/27/10,0,2010-08-27
3025,92341,515.0,08/27/10,0,2010-08-27
3026,92342,445.0,08/27/10,0,2010-08-27
3027,92343,515.0,08/27/10,0,2010-08-27
3028,92344,515.0,08/27/10,0,2010-08-27
3029,92345,290.0,08/27/10,0,2010-08-27
3030,92539,22.0,08/26/10,0,2010-08-26
3031,92540,67.0,08/26/10,0,2010-08-26
3032,92541,132.0,08/26/10,0,2010-08-26
3033,92542,29.0,08/26/10,0,2010-08-26
3034,92543,132.0,08/26/10,0,2010-08-26
3035,92544,572.0,08/26/10,1,2010-08-26
3036,92545,67.0,08/26/10,0,2010-08-26
3037,92760,270.0,08/25/10,0,2010-08-25
3038,92761,469.0,08/25/10,0,2010-08-25
3039,92762,559.0,08/25/10,0,2010-08-25
3040,92763,559.0,08/25/10,0,2010-08-25
3041,92764,78.0,08/25/10,0,2010-08-25
3042,92964,415.0,08/24/10,0,2010-08-24
3043,92965,219.0,08/24/10,0,2010-08-24
3044,92966,415.0,08/24/10,0,2010-08-24
3045,92967,219.0,08/24/10,0,2010-08-24
3046,92987,367.0,08/24/10,0,2010-08-24
3047,92988,200.0,08/24/10,0,2010-08-24
3048,92989,370.0,08/24/10,0,2010-08-24
3049,93148,511.0,08/23/10,0,2010-08-23
3050,93149,443.0,08/23/10,0,2010-08-23
3051,93150,527.0,08/23/10,0,2010-08-23
3052,93151,79.0,08/23/10,0,2010-08-23
3053,93152,387.0,08/23/10,0,2010-08-23
3054,93153,492.0,08/23/10,0,2010-08-23
3055,93154,443.0,08/23/10,0,2010-08-23
3056,93155,46.0,08/23/10,0,2010-08-23
3057,93344,174.0,08/22/10,0,2010-08-22
3058,93345,530.0,08/22/10,0,2010-08-22
3059,93346,469.0,08/22/10,0,2010-08-22
3060,93347,243.0,08/22/10,0,2010-08-22
3061,93348,174.0,08/22/10,0,2010-08-22
3062,93518,492.0,08/21/10,0,2010-08-21
3063,93519,511.0,08/21/10,0,2010-08-21
3064,93520,315.0,08/21/10,0,2010-08-21
3065,93521,63.0,08/21/10,0,2010-08-21
3066,93522,511.0,08/21/10,0,2010-08-21
3067,93523,511.0,08/21/10,0,2010-08-21
3068,93780,447.0,08/20/10,0,2010-08-20
3069,93781,364.0,08/20/10,0,2010-08-20
3070,93782,407.0,08/20/10,0,2010-08-20
3071,93783,198.0,08/20/10,0,2010-08-20
3072,93784,200.0,08/20/10,0,2010-08-20
3073,93785,583.0,08/20/10,0,2010-08-20
3074,93786,198.0,08/20/10,0,2010-08-20
3075,93787,583.0,08/20/10,0,2010-08-20
3076,93788,200.0,08/20/10,0,2010-08-20
3077,93789,200.0,08/20/10,0,2010-08-20
3078,93894,491.0,08/20/10,0,2010-08-20
3079,93895,248.0,08/20/10,0,2010-08-20
3080,94005,198.0,08/19/10,0,2010-08-19
3081,94006,424.0,08/19/10,0,2010-08-19
3082,94007,131.0,08/19/10,0,2010-08-19
3083,94008,528.0,08/19/10,0,2010-08-19
3084,94226,122.0,08/18/10,0,2010-08-18
3085,94227,52.0,08/18/10,0,2010-08-18
3086,94228,52.0,08/18/10,1,2010-08-18
3087,94229,532.0,08/18/10,0,2010-08-18
3088,94230,393.0,08/18/10,0,2010-08-18
3089,94231,532.0,08/18/10,0,2010-08-18
3090,94232,446.0,08/18/10,0,2010-08-18
3091,94233,515.0,08/18/10,0,2010-08-18
3092,94234,468.0,08/18/10,0,2010-08-18
3093,94235,122.0,08/18/10,0,2010-08-18
3094,94236,79.0,08/18/10,0,2010-08-18
3095,94237,30.0,08/18/10,0,2010-08-18
3096,94238,393.0,08/18/10,0,2010-08-18
3097,94239,515.0,08/18/10,0,2010-08-18
3098,94240,52.0,08/18/10,1,2010-08-18
3099,94405,393.0,08/18/10,0,2010-08-18
3100,94406,393.0,08/18/10,0,2010-08-18
3101,94407,393.0,08/18/10,0,2010-08-18
3102,94428,90.0,08/18/10,1,2010-08-18
3103,94439,245.0,08/17/10,0,2010-08-17
3104,94440,357.0,08/17/10,0,2010-08-17
3105,94441,42.0,08/17/10,0,2010-08-17
3106,94442,357.0,08/17/10,0,2010-08-17
3107,94454,489.0,08/17/10,0,2010-08-17
3108,94457,544.0,08/17/10,0,2010-08-17
3109,94458,544.0,08/17/10,0,2010-08-17
3110,94459,292.0,08/17/10,0,2010-08-17
3111,94460,291.0,08/17/10,0,2010-08-17
3112,94461,418.0,08/17/10,0,2010-08-17
3113,94462,418.0,08/17/10,0,2010-08-17
3114,94463,55.0,08/17/10,0,2010-08-17
3115,94464,489.0,08/17/10,0,2010-08-17
3116,94465,291.0,08/17/10,0,2010-08-17
3117,94466,544.0,08/17/10,0,2010-08-17
3118,94467,447.0,08/17/10,0,2010-08-17
3119,94651,393.0,08/16/10,0,2010-08-16
3120,94652,512.0,08/16/10,1,2010-08-16
3121,94653,526.0,08/16/10,0,2010-08-16
3122,94654,541.0,08/16/10,0,2010-08-16
3123,94655,152.0,08/16/10,0,2010-08-16
3124,94656,137.0,08/16/10,0,2010-08-16
3125,94879,418.0,08/15/10,0,2010-08-15
3126,94880,321.0,08/15/10,0,2010-08-15
3127,94881,469.0,08/15/10,0,2010-08-15
3128,94882,469.0,08/15/10,0,2010-08-15
3129,94883,418.0,08/15/10,0,2010-08-15
3130,94884,77.0,08/15/10,0,2010-08-15
3131,94885,419.0,08/15/10,0,2010-08-15
3132,94886,451.0,08/15/10,0,2010-08-15
3133,94887,451.0,08/15/10,0,2010-08-15
3134,94888,77.0,08/15/10,0,2010-08-15
3135,95105,40.0,08/14/10,0,2010-08-14
3136,95108,66.0,08/14/10,0,2010-08-14
3137,95109,338.0,08/14/10,0,2010-08-14
3138,95110,398.0,08/14/10,0,2010-08-14
3139,95111,243.0,08/14/10,0,2010-08-14
3140,95112,40.0,08/14/10,0,2010-08-14
3141,95113,529.0,08/14/10,0,2010-08-14
3142,95114,77.0,08/14/10,0,2010-08-14
3143,95115,40.0,08/14/10,0,2010-08-14
3144,95116,529.0,08/14/10,0,2010-08-14
3145,95117,529.0,08/14/10,0,2010-08-14
3146,95118,66.0,08/14/10,0,2010-08-14
3147,95119,338.0,08/14/10,0,2010-08-14
3148,95120,40.0,08/14/10,0,2010-08-14
3149,95121,243.0,08/14/10,0,2010-08-14
3150,95303,29.0,08/13/10,0,2010-08-13
3151,95304,315.0,08/13/10,0,2010-08-13
3152,95305,514.0,08/13/10,0,2010-08-13
3153,95306,131.0,08/13/10,0,2010-08-13
3154,95307,469.0,08/13/10,0,2010-08-13
3155,95308,179.0,08/13/10,1,2010-08-13
3156,95309,315.0,08/13/10,0,2010-08-13
3157,95310,179.0,08/13/10,1,2010-08-13
3158,95535,79.0,08/12/10,0,2010-08-12
3159,95536,20.0,08/12/10,0,2010-08-12
3160,95537,472.0,08/12/10,0,2010-08-12
3161,95538,513.0,08/12/10,0,2010-08-12
3162,95539,20.0,08/12/10,0,2010-08-12
3163,95704,560.0,08/11/10,0,2010-08-11
3164,95705,174.0,08/11/10,0,2010-08-11
3165,95706,365.0,08/11/10,0,2010-08-11
3166,95707,51.0,08/11/10,0,2010-08-11
3167,95708,393.0,08/11/10,0,2010-08-11
3168,95710,586.0,08/11/10,0,2010-08-11
3169,95711,492.0,08/11/10,0,2010-08-11
3170,95712,365.0,08/11/10,0,2010-08-11
3171,95713,174.0,08/11/10,0,2010-08-11
3172,95714,586.0,08/11/10,0,2010-08-11
3173,95909,371.0,08/10/10,0,2010-08-10
3174,95910,393.0,08/10/10,0,2010-08-10
3175,95911,295.0,08/10/10,0,2010-08-10
3176,95912,491.0,08/10/10,0,2010-08-10
3177,95913,89.0,08/10/10,0,2010-08-10
3178,96087,83.0,08/09/10,0,2010-08-09
3179,96088,91.0,08/09/10,0,2010-08-09
3180,96286,424.0,08/08/10,0,2010-08-08
3181,96291,447.0,08/08/10,0,2010-08-08
3182,96292,470.0,08/08/10,0,2010-08-08
3183,96293,473.0,08/08/10,0,2010-08-08
3184,96294,447.0,08/08/10,0,2010-08-08
3185,96295,174.0,08/08/10,0,2010-08-08
3186,96296,447.0,08/08/10,0,2010-08-08
3187,96297,90.0,08/08/10,0,2010-08-08
3188,96298,174.0,08/08/10,0,2010-08-08
3189,96299,447.0,08/08/10,0,2010-08-08
3190,96483,65.0,08/07/10,0,2010-08-07
3191,96484,392.0,08/07/10,0,2010-08-07
3192,96485,528.0,08/07/10,0,2010-08-07
3193,96486,340.0,08/07/10,0,2010-08-07
3194,96487,65.0,08/07/10,0,2010-08-07
3195,96488,392.0,08/07/10,0,2010-08-07
3196,96489,391.0,08/07/10,0,2010-08-07
3197,96490,392.0,08/07/10,0,2010-08-07
3198,96491,392.0,08/07/10,0,2010-08-07
3199,96688,90.0,08/06/10,0,2010-08-06
3200,96689,67.0,08/06/10,0,2010-08-06
3201,96690,67.0,08/06/10,1,2010-08-06
3202,96691,174.0,08/06/10,0,2010-08-06
3203,96692,515.0,08/06/10,0,2010-08-06
3204,96693,492.0,08/06/10,0,2010-08-06
3205,96694,416.0,08/06/10,0,2010-08-06
3206,96695,292.0,08/06/10,0,2010-08-06
3207,96696,392.0,08/06/10,0,2010-08-06
3208,96697,150.0,08/06/10,0,2010-08-06
3209,96942,67.0,08/05/10,0,2010-08-05
3210,96943,418.0,08/05/10,0,2010-08-05
3211,96944,371.0,08/05/10,0,2010-08-05
3212,96945,371.0,08/05/10,0,2010-08-05
3213,96946,52.0,08/05/10,0,2010-08-05
3214,96947,29.0,08/05/10,0,2010-08-05
3215,96948,80.0,08/05/10,0,2010-08-05
3216,96949,132.0,08/05/10,0,2010-08-05
3217,96950,371.0,08/05/10,0,2010-08-05
3218,97088,199.0,08/05/10,0,2010-08-05
3219,97132,62.0,08/04/10,0,2010-08-04
3220,97133,20.0,08/04/10,0,2010-08-04
3221,97134,152.0,08/04/10,0,2010-08-04
3222,97135,421.0,08/04/10,0,2010-08-04
3223,97136,559.0,08/04/10,0,2010-08-04
3224,97137,152.0,08/04/10,0,2010-08-04
3225,97138,79.0,08/04/10,0,2010-08-04
3226,97139,421.0,08/04/10,0,2010-08-04
3227,97319,68.0,08/03/10,0,2010-08-03
3228,97320,67.0,08/03/10,0,2010-08-03
3229,97321,343.0,08/03/10,0,2010-08-03
3230,97322,340.0,08/03/10,0,2010-08-03
3231,97323,68.0,08/03/10,0,2010-08-03
3232,97324,314.0,08/03/10,0,2010-08-03
3233,97325,65.0,08/03/10,0,2010-08-03
3234,97489,90.0,08/02/10,0,2010-08-02
3235,97490,90.0,08/02/10,0,2010-08-02
3236,97703,138.0,08/01/10,0,2010-08-01
3237,97704,88.0,08/01/10,0,2010-08-01
3238,97770,528.0,08/01/10,0,2010-08-01
3239,97900,447.0,07/31/10,0,2010-07-31
3240,97901,447.0,07/31/10,0,2010-07-31
3241,97902,447.0,07/31/10,0,2010-07-31
3242,98158,92.0,07/30/10,0,2010-07-30
3243,98159,96.0,07/30/10,0,2010-07-30
3244,98160,268.0,07/30/10,0,2010-07-30
3245,98161,448.0,07/30/10,0,2010-07-30
3246,98162,448.0,07/30/10,0,2010-07-30
3247,98163,92.0,07/30/10,0,2010-07-30
3248,98164,451.0,07/30/10,0,2010-07-30
3249,98165,96.0,07/30/10,0,2010-07-30
3250,98166,448.0,07/30/10,0,2010-07-30
3251,98167,96.0,07/30/10,0,2010-07-30
3252,98368,530.0,07/29/10,0,2010-07-29
3253,98369,79.0,07/29/10,0,2010-07-29
3254,98370,79.0,07/29/10,0,2010-07-29
3255,98538,394.0,07/28/10,0,2010-07-28
3256,98539,151.0,07/28/10,0,2010-07-28
3257,98727,51.0,07/27/10,0,2010-07-27
3258,98728,51.0,07/27/10,0,2010-07-27
3259,98729,132.0,07/27/10,0,2010-07-27
3260,98897,93.0,07/26/10,0,2010-07-26
3261,98898,417.0,07/26/10,0,2010-07-26
3262,98899,543.0,07/26/10,0,2010-07-26
3263,98900,67.0,07/26/10,0,2010-07-26
3264,98901,66.0,07/26/10,0,2010-07-26
3265,98902,152.0,07/26/10,0,2010-07-26
3266,98903,67.0,07/26/10,0,2010-07-26
3267,98904,417.0,07/26/10,0,2010-07-26
3268,98905,65.0,07/26/10,0,2010-07-26
3269,99131,293.0,07/25/10,0,2010-07-25
3270,99132,545.0,07/25/10,0,2010-07-25
3271,99133,21.0,07/25/10,0,2010-07-25
3272,99134,21.0,07/25/10,0,2010-07-25
3273,99135,244.0,07/25/10,0,2010-07-25
3274,99136,110.0,07/25/10,1,2010-07-25
3275,99137,494.0,07/25/10,0,2010-07-25
3276,99138,293.0,07/25/10,0,2010-07-25
3277,99373,42.0,07/24/10,0,2010-07-24
3278,99374,421.0,07/24/10,0,2010-07-24
3279,99375,492.0,07/24/10,0,2010-07-24
3280,99620,243.0,07/23/10,0,2010-07-23
3281,99621,418.0,07/23/10,0,2010-07-23
3282,99622,547.0,07/23/10,0,2010-07-23
3283,99623,39.0,07/23/10,0,2010-07-23
3284,99624,93.0,07/23/10,0,2010-07-23
3285,99625,39.0,07/23/10,0,2010-07-23
3286,99626,245.0,07/23/10,0,2010-07-23
3287,99627,529.0,07/23/10,0,2010-07-23
3288,99628,46.0,07/23/10,0,2010-07-23
3289,99629,245.0,07/23/10,0,2010-07-23
3290,99630,529.0,07/23/10,0,2010-07-23
3291,99790,528.0,07/23/10,0,2010-07-23
3292,99831,20.0,07/22/10,0,2010-07-22
3293,99832,67.0,07/22/10,0,2010-07-22
3294,99833,79.0,07/22/10,0,2010-07-22
3295,99834,317.0,07/22/10,0,2010-07-22
3296,99835,559.0,07/22/10,0,2010-07-22
3297,99836,509.0,07/22/10,0,2010-07-22
3298,99837,625.0,07/22/10,0,2010-07-22
3299,100014,68.0,07/21/10,0,2010-07-21
3300,100015,469.0,07/21/10,0,2010-07-21
3301,100016,572.0,07/21/10,0,2010-07-21
3302,100017,343.0,07/21/10,0,2010-07-21
3303,100018,529.0,07/21/10,0,2010-07-21
3304,100019,529.0,07/21/10,0,2010-07-21
3305,100020,20.0,07/21/10,0,2010-07-21
3306,100188,446.0,07/20/10,0,2010-07-20
3307,100357,39.0,07/19/10,0,2010-07-19
3308,100358,39.0,07/19/10,0,2010-07-19
3309,100359,39.0,07/19/10,0,2010-07-19
3310,100360,39.0,07/19/10,0,2010-07-19
3311,100361,220.0,07/19/10,0,2010-07-19
3312,100362,513.0,07/19/10,0,2010-07-19
3313,100363,528.0,07/19/10,0,2010-07-19
3314,100597,68.0,07/18/10,0,2010-07-18
3315,100598,514.0,07/18/10,0,2010-07-18
3316,100789,98.0,07/17/10,0,2010-07-17
3317,100790,98.0,07/17/10,0,2010-07-17
3318,100791,559.0,07/17/10,0,2010-07-17
3319,101014,446.0,07/16/10,0,2010-07-16
3320,101015,51.0,07/16/10,0,2010-07-16
3321,101016,78.0,07/16/10,0,2010-07-16
3322,101017,319.0,07/16/10,0,2010-07-16
3323,101018,132.0,07/16/10,0,2010-07-16
3324,101019,42.0,07/16/10,0,2010-07-16
3325,101241,418.0,07/15/10,0,2010-07-15
3326,101242,338.0,07/15/10,0,2010-07-15
3327,101243,546.0,07/15/10,0,2010-07-15
3328,101244,465.0,07/15/10,0,2010-07-15
3329,101245,465.0,07/15/10,0,2010-07-15
3330,101246,152.0,07/15/10,0,2010-07-15
3331,101247,81.0,07/15/10,0,2010-07-15
3332,101248,528.0,07/15/10,0,2010-07-15
3333,101443,79.0,07/14/10,0,2010-07-14
3334,101444,315.0,07/14/10,0,2010-07-14
3335,101445,493.0,07/14/10,0,2010-07-14
3336,101446,530.0,07/14/10,0,2010-07-14
3337,101447,530.0,07/14/10,0,2010-07-14
3338,101448,530.0,07/14/10,0,2010-07-14
3339,101449,269.0,07/14/10,0,2010-07-14
3340,101450,79.0,07/14/10,0,2010-07-14
3341,101451,79.0,07/14/10,0,2010-07-14
3342,101452,465.0,07/14/10,0,2010-07-14
3343,101627,66.0,07/13/10,0,2010-07-13
3344,101628,55.0,07/13/10,0,2010-07-13
3345,101629,292.0,07/13/10,0,2010-07-13
3346,101630,55.0,07/13/10,0,2010-07-13
3347,101779,275.0,07/13/10,0,2010-07-13
3348,101780,275.0,07/13/10,0,2010-07-13
3349,101806,94.0,07/12/10,0,2010-07-12
3350,101807,399.0,07/12/10,0,2010-07-12
3351,101808,315.0,07/12/10,0,2010-07-12
3352,101809,528.0,07/12/10,0,2010-07-12
3353,102013,528.0,07/11/10,0,2010-07-11
3354,102014,512.0,07/11/10,0,2010-07-11
3355,102015,512.0,07/11/10,0,2010-07-11
3356,102016,154.0,07/11/10,2,2010-07-11
3357,102017,583.0,07/11/10,0,2010-07-11
3358,102216,30.0,07/10/10,0,2010-07-10
3359,102217,530.0,07/10/10,0,2010-07-10
3360,102381,120.0,07/09/10,0,2010-07-09
3361,102382,97.0,07/09/10,0,2010-07-09
3362,102383,533.0,07/09/10,0,2010-07-09
3363,102384,97.0,07/09/10,0,2010-07-09
3364,102385,294.0,07/09/10,0,2010-07-09
3365,102386,294.0,07/09/10,0,2010-07-09
3366,102387,340.0,07/09/10,0,2010-07-09
3367,102388,294.0,07/09/10,0,2010-07-09
3368,102389,422.0,07/09/10,0,2010-07-09
3369,102390,514.0,07/09/10,0,2010-07-09
3370,102391,514.0,07/09/10,0,2010-07-09
3371,102392,120.0,07/09/10,0,2010-07-09
3372,102393,120.0,07/09/10,0,2010-07-09
3373,102394,97.0,07/09/10,0,2010-07-09
3374,102395,120.0,07/09/10,0,2010-07-09
3375,102396,315.0,07/09/10,0,2010-07-09
3376,102397,514.0,07/09/10,0,2010-07-09
3377,102398,315.0,07/09/10,0,2010-07-09
3378,102399,514.0,07/09/10,0,2010-07-09
3379,102566,572.0,07/09/10,0,2010-07-09
3380,102567,572.0,07/09/10,0,2010-07-09
3381,102577,268.0,07/08/10,0,2010-07-08
3382,102578,526.0,07/08/10,0,2010-07-08
3383,102579,469.0,07/08/10,0,2010-07-08
3384,102580,526.0,07/08/10,0,2010-07-08
3385,102581,248.0,07/08/10,0,2010-07-08
3386,102787,79.0,07/07/10,0,2010-07-07
3387,102788,79.0,07/07/10,0,2010-07-07
3388,103112,514.0,07/06/10,0,2010-07-06
3389,103146,510.0,07/05/10,0,2010-07-05
3390,103147,528.0,07/05/10,0,2010-07-05
3391,103148,528.0,07/05/10,0,2010-07-05
3392,103302,491.0,07/04/10,0,2010-07-04
3393,103303,509.0,07/04/10,0,2010-07-04
3394,103304,222.0,07/04/10,0,2010-07-04
3395,103305,68.0,07/04/10,0,2010-07-04
3396,103306,509.0,07/04/10,0,2010-07-04
3397,103307,394.0,07/04/10,0,2010-07-04
3398,103308,509.0,07/04/10,0,2010-07-04
3399,103439,42.0,07/04/10,0,2010-07-04
3400,103470,488.0,07/03/10,0,2010-07-03
3401,103472,29.0,07/03/10,0,2010-07-03
3402,103473,93.0,07/03/10,0,2010-07-03
3403,103474,93.0,07/03/10,0,2010-07-03
3404,103475,471.0,07/03/10,0,2010-07-03
3405,103476,488.0,07/03/10,0,2010-07-03
3406,103477,546.0,07/03/10,0,2010-07-03
3407,103478,93.0,07/03/10,0,2010-07-03
3408,103479,488.0,07/03/10,0,2010-07-03
3409,103480,29.0,07/03/10,0,2010-07-03
3410,103481,492.0,07/03/10,0,2010-07-03
3411,103482,488.0,07/03/10,0,2010-07-03
3412,103627,446.0,07/03/10,0,2010-07-03
3413,103677,80.0,07/02/10,0,2010-07-02
3414,103678,54.0,07/02/10,0,2010-07-02
3415,103679,473.0,07/02/10,0,2010-07-02
3416,103680,510.0,07/02/10,0,2010-07-02
3417,103681,512.0,07/02/10,0,2010-07-02
3418,103682,87.0,07/02/10,0,2010-07-02
3419,103683,97.0,07/02/10,0,2010-07-02
3420,103684,80.0,07/02/10,0,2010-07-02
3421,103685,473.0,07/02/10,0,2010-07-02
3422,103686,290.0,07/02/10,0,2010-07-02
3423,103857,21.0,07/01/10,0,2010-07-01
3424,103858,79.0,07/01/10,0,2010-07-01
3425,103859,81.0,07/01/10,0,2010-07-01
3426,103860,80.0,07/01/10,0,2010-07-01
3427,103861,55.0,07/01/10,0,2010-07-01
3428,103862,290.0,07/01/10,0,2010-07-01
3429,103863,547.0,07/01/10,0,2010-07-01
3430,103864,21.0,07/01/10,0,2010-07-01
3431,103865,21.0,07/01/10,0,2010-07-01
3432,103866,79.0,07/01/10,0,2010-07-01
3433,103867,511.0,07/01/10,0,2010-07-01
3434,103868,90.0,07/01/10,0,2010-07-01
3435,103869,398.0,07/01/10,0,2010-07-01
3436,103870,89.0,07/01/10,0,2010-07-01
3437,103871,198.0,07/01/10,0,2010-07-01
3438,103872,317.0,07/01/10,0,2010-07-01
3439,103873,511.0,07/01/10,0,2010-07-01
